product_id,title,SKU,price,created_at,stock_quantity
7420468232266,Baby Look Branco,BAB-377-G,249.00,06/12/2023,0
7420468232266,Baby Look Branco,BAB-377-M,249.00,06/12/2023,0
7420468232266,Baby Look Branco,BAB-377-P,249.00,06/12/2023,0
7515027963978,Baby Look Grey Lead,BAB-451-G,249.00,22/03/2024,0
7515027963978,Baby Look Grey Lead,BAB-451-M,249.00,22/03/2024,0
7515027963978,Baby Look Grey Lead,BAB-451-P,249.00,22/03/2024,0
7420468428874,Baby Look Nude,BAB-378-G,249.00,06/12/2023,0
7420468428874,Baby Look Nude,BAB-378-M,249.00,06/12/2023,-1
7420468428874,Baby Look Nude,BAB-378-P,249.00,06/12/2023,0
7420468101194,Baby Look Preto,BAB-376-G,249.00,06/12/2023,2
7420468101194,Baby Look Preto,BAB-376-M,249.00,06/12/2023,2
7420468101194,Baby Look Preto,BAB-376-P,249.00,06/12/2023,1
7787496013898,BOBINA PLASTICO BOLHA 50x100,BOB-513,0.00,12/09/2024,0
7101628383306,Boné Chase - Black,bon-cha-bla-u,149.00,17/03/2023,5
7072689815626,Boné Chase - Mellow,bon-cha-mel,149.00,14/02/2023,3
7492991582282,Boné Chase - Nude,BON-418-U,149.00,05/03/2024,-1
7101627727946,Boné Chase - White,bon-cha-whi-u,149.00,17/03/2023,8
7782189891658,Caixa Cartonada Para Tênis,CAI-510,0.00,02/09/2024,0
7416240865354,Calcinha Heritage - Black&White,CAL-183-G,297.42,29/11/2023,2
7416240865354,Calcinha Heritage - Black&White,CAL-183-M,297.42,29/11/2023,1
7416240865354,Calcinha Heritage - Black&White,CAL-183-P,297.42,29/11/2023,1
7416241225802,Calcinha Heritage - White&Black,CAL-185-G,297.42,29/11/2023,0
7416241225802,Calcinha Heritage - White&Black,CAL-185-M,297.42,29/11/2023,0
7416241225802,Calcinha Heritage - White&Black,CAL-185-P,297.42,29/11/2023,-1
7416239718474,Calcinha Summer Dust - Bronze Tan,CAL-179-G,220.15,29/11/2023,-1
7416239718474,Calcinha Summer Dust - Bronze Tan,CAL-179-M,220.15,29/11/2023,0
7416239718474,Calcinha Summer Dust - Bronze Tan,CAL-179-P,220.15,29/11/2023,-1
7416240341066,Calcinha Summer Dust - Golden Tan,CAL-181-G,220.15,29/11/2023,0
7416240341066,Calcinha Summer Dust - Golden Tan,CAL-181-M,220.15,29/11/2023,0
7416240341066,Calcinha Summer Dust - Golden Tan,CAL-181-P,220.15,29/11/2023,0
7416235196490,Calcinha Summer Dust - Onix,CAL-358-G,220.15,29/11/2023,2
7416235196490,Calcinha Summer Dust - Onix,CAL-358-M,220.15,29/11/2023,4
7416235196490,Calcinha Summer Dust - Onix,CAL-358-P,220.15,29/11/2023,3
7416236212298,Calcinha Summer Dust - Pearls,CAL-360-G,220.15,29/11/2023,3
7416236212298,Calcinha Summer Dust - Pearls,CAL-360-M,220.15,29/11/2023,3
7416236212298,Calcinha Summer Dust - Pearls,CAL-360-P,220.15,29/11/2023,4
7420470952010,Camisa New Linho DarkBlue,CAM-383-U,389.90,06/12/2023,3
7420470394954,Camisa New Linho Off White,CAM-382-P,389.90,06/12/2023,0
7420471214154,Camisa New Linho OldPink,CAM-384-U,389.90,06/12/2023,5
6687221153866,,"",,25/09/2024,0
6687221153866,,25405327001803,,25/09/2024,0
7771508637770,Chase Sneakers One White Gray,CHA-499-35,698.00,12/08/2024,0
7771508637770,Chase Sneakers One White Gray,CHA-500-36,698.00,12/08/2024,0
7771508637770,Chase Sneakers One White Gray,CHA-500-37,698.00,12/08/2024,0
7771508637770,Chase Sneakers One White Gray,CHA-498-38,698.00,12/08/2024,0
7771508637770,Chase Sneakers One White Gray,CHA-498-39,698.00,12/08/2024,0
7771508146250,Chase TOTE Bag Brown,CHA-496,1789.00,12/08/2024,0
6687221153866,,25405327001809,,25/09/2024,0
7771508047946,Chase TOTE Bag White&Black,CHA-495,1789.00,12/08/2024,0
6687221153866,,25405327001810,,25/09/2024,0
7237653594186,Cropped Essential Bege,CRO-121-G,249.00,10/08/2023,1
7237653594186,Cropped Essential Bege,CRO-121-M,249.00,10/08/2023,3
7237653594186,Cropped Essential Bege,CRO-121-P,249.00,10/08/2023,4
7484588294218,Cropped Essential Botanic Green,CRO-406-G,249.00,27/02/2024,6
7484588294218,Cropped Essential Botanic Green,CRO-406-M,249.00,27/02/2024,3
7484588294218,Cropped Essential Botanic Green,CRO-406-P,249.00,27/02/2024,4
6710308765770,Cropped Essential Branco,CRO-ESS-BRA-G,249.00,17/11/2021,-1
6710308765770,Cropped Essential Branco,CRO-ESS-BRA-M,249.00,17/11/2021,0
6710308765770,Cropped Essential Branco,CRO-ESS-BRA-P,249.00,17/11/2021,4
7484587802698,Cropped Essential Grey Lead,CRO-402-G,249.00,27/02/2024,3
7484587802698,Cropped Essential Grey Lead,CRO-402-M,249.00,27/02/2024,3
7484587802698,Cropped Essential Grey Lead,CRO-402-P,249.00,27/02/2024,3
7484587835466,Cropped Essential Light Blue,CRO-403-G,249.00,27/02/2024,2
7484587835466,Cropped Essential Light Blue,CRO-403-M,249.00,27/02/2024,2
7484587835466,Cropped Essential Light Blue,CRO-403-P,249.00,27/02/2024,1
7484587638858,Cropped Essential Light Pink,CRO-400-G,249.00,27/02/2024,3
7484587638858,Cropped Essential Light Pink,CRO-400-M,249.00,27/02/2024,5
7484587638858,Cropped Essential Light Pink,CRO-400-P,249.00,27/02/2024,3
7484588163146,Cropped Essential Navarro blue,CRO-405-G,249.00,27/02/2024,3
7484588163146,Cropped Essential Navarro blue,CRO-405-M,249.00,27/02/2024,3
7484588163146,Cropped Essential Navarro blue,CRO-405-P,249.00,27/02/2024,2
7237653168202,Cropped Essential Nude,CRO-119-G,249.00,10/08/2023,6
7237653168202,Cropped Essential Nude,CRO-119-M,249.00,10/08/2023,1
7237653168202,Cropped Essential Nude,CRO-119-P,249.00,10/08/2023,20
7484587966538,Cropped Essential Off White,CRO-404-G,249.00,27/02/2024,0
7484587966538,Cropped Essential Off White,CRO-404-M,249.00,27/02/2024,0
7484587966538,Cropped Essential Off White,CRO-404-P,249.00,27/02/2024,2
6710308831306,Cropped Essential Preto,CRO-ESS-PRE-G,249.00,17/11/2021,4
6710308831306,Cropped Essential Preto,CRO-ESS-PRE-M,249.00,17/11/2021,8
6710308831306,Cropped Essential Preto,CRO-ESS-PRE-P,249.00,17/11/2021,6
7237763956810,Cropped Over Moletom Off White,CRO-130-G,299.90,10/08/2023,0
7237763956810,Cropped Over Moletom Off White,CRO-130-M,299.90,10/08/2023,1
7237763956810,Cropped Over Moletom Off White,CRO-130-P,299.90,10/08/2023,0
7237763694666,Cropped Over Moletom Preto,CRO-129-G,299.90,10/08/2023,0
7237763694666,Cropped Over Moletom Preto,CRO-129-M,299.90,10/08/2023,2
7237763694666,Cropped Over Moletom Preto,CRO-129-P,299.90,10/08/2023,0
7416362958922,DustBag 25x30,7898675068233,0.00,29/11/2023,0
7782189957194,Dusty Bag para tênis,DUS-512,0.00,02/09/2024,0
7787496210506,Envelope 70x50 Cinza/Eco 1UN,ENV-514,0.00,12/09/2024,0
6687221153866,,BR32X40,,25/09/2024,0
6687221153866,,BR40X50KIT1VA,,25/09/2024,0
6687221153866,,BR90X60KIT1VA,,25/09/2024,0
7545207816266,Fita Adesiva Fundo Colorido Personalizada 48mm x 100m,FIT-452,0.00,04/04/2024,0
7414746873930,Ghost Panties - Black,GHO-172-G,59.00,27/11/2023,4
7414746873930,Ghost Panties - Black,GHO-172-M,59.00,27/11/2023,10
7414746873930,Ghost Panties - Black,GHO-172-P,59.00,27/11/2023,3
7414746611786,Ghost Panties - Skin,GHO-171-G,59.00,27/11/2023,3
7414746611786,Ghost Panties - Skin,GHO-171-M,59.00,27/11/2023,5
7414746611786,Ghost Panties - Skin,GHO-171-P,59.00,27/11/2023,11
7414746906698,Ghost Panties - White,GHO-173-G,59.00,27/11/2023,12
7414746906698,Ghost Panties - White,GHO-173-M,59.00,27/11/2023,6
7414746906698,Ghost Panties - White,GHO-173-P,59.00,27/11/2023,3
7237764284490,HeadBand Chase Off White,HEA-132-P,49.90,10/08/2023,4
7254954901578,HeadBand Chase Preto,HEA-139-U,49.90,30/08/2023,4
7775724404810,Jacket Blow Baby Blue,JAC-504-G,589.00,19/08/2024,0
7775724404810,Jacket Blow Baby Blue,JAC-504-M,589.00,19/08/2024,0
7775724404810,Jacket Blow Baby Blue,JAC-504-P,589.00,19/08/2024,0
6687221153866,,25405327001745,,25/09/2024,0
7722645323850,Jacket Blow Black,JAC-478-G,589.00,21/06/2024,1
7722645323850,Jacket Blow Black,JAC-478-M,589.00,21/06/2024,4
7722645323850,Jacket Blow Black,JAC-478-P,589.00,21/06/2024,3
6687221153866,,25405327001749,,25/09/2024,0
7722647289930,Jacket Blow Caramel,JAC-479-G,589.00,21/06/2024,3
7722647289930,Jacket Blow Caramel,JAC-479-M,589.00,21/06/2024,5
7722647289930,Jacket Blow Caramel,JAC-479-P,589.00,21/06/2024,1
6687221153866,,25405327001753,,25/09/2024,0
7722647748682,Jacket Blow Off White,JAC-480-G,589.00,21/06/2024,2
7722647748682,Jacket Blow Off White,JAC-480-M,589.00,21/06/2024,2
7722647748682,Jacket Blow Off White,JAC-480-P,589.00,21/06/2024,2
7237763498058,Jaqueta Puffer One Branco,PUF-128-G,699.90,10/08/2023,0
7237763498058,Jaqueta Puffer One Branco,PUF-128-M,699.90,10/08/2023,1
7237763498058,Jaqueta Puffer One Branco,PUF-128-P,699.90,10/08/2023,0
7237763170378,Jaqueta Puffer One Nude,PUF-126-G,699.90,10/08/2023,0
7237763170378,Jaqueta Puffer One Nude,PUF-126-M,699.90,10/08/2023,2
7237763170378,Jaqueta Puffer One Nude,PUF-126-P,699.90,10/08/2023,0
7237763334218,Jaqueta Puffer One Preto,PUF-127-G,699.90,10/08/2023,1
7237763334218,Jaqueta Puffer One Preto,PUF-127-M,699.90,10/08/2023,2
7237763334218,Jaqueta Puffer One Preto,PUF-127-P,699.90,10/08/2023,1
6756615651402,Legging Apex Seamless Ash,LEG112,203.92,18/01/2022,0
6756615651402,Legging Apex Seamless Ash,LEG111,203.92,18/01/2022,0
6756615651402,Legging Apex Seamless Ash,LEG110,203.92,18/01/2022,1
6756615618634,Legging Apex Seamless Sky,LEG108,203.92,18/01/2022,0
6756615618634,Legging Apex Seamless Sky,LEG107,203.92,18/01/2022,2
6756615618634,Legging Apex Seamless Sky,LEG106,203.92,18/01/2022,3
6687222628426,Legging Harmony Seamless Blue,LEG240,237.92,28/07/2022,6
6687222628426,Legging Harmony Seamless Blue,LEG-HAR-BLU-M,237.92,18/10/2021,5
6687222628426,Legging Harmony Seamless Blue,LEG-HAR-BLU-P,237.92,18/10/2021,14
6687222595658,Legging Harmony Seamless Pink,LEG239,237.92,28/07/2022,2
6687222595658,Legging Harmony Seamless Pink,LEG-HAR-PIN-M,237.92,18/10/2021,1
6687222595658,Legging Harmony Seamless Pink,LEG-HAR-PIN-P,237.92,18/10/2021,2
7796736950346,Legging Jockey Seamless Brown,LEG-568-G,359.00,25/09/2024,0
7796736950346,Legging Jockey Seamless Brown,LEG-568-M,359.00,25/09/2024,0
7796736950346,Legging Jockey Seamless Brown,LEG-568-P,359.00,25/09/2024,0
7796735934538,Legging Jockey Seamless Dark Brown,LEG-565-G,359.00,25/09/2024,0
7796735934538,Legging Jockey Seamless Dark Brown,LEG-565-M,359.00,25/09/2024,0
7796735934538,Legging Jockey Seamless Dark Brown,LEG-565-P,359.00,25/09/2024,0
7447759945802,Legging Jockey Seamless Jungle,LEG-385-G,359.00,16/01/2024,8
7447759945802,Legging Jockey Seamless Jungle,LEG-385-M,359.00,16/01/2024,7
7447759945802,Legging Jockey Seamless Jungle,LEG-385-P,359.00,16/01/2024,5
7396012818506,Legging Jockey Seamless Phantom Blue,LEG-153-G,359.00,09/11/2023,1
7396012818506,Legging Jockey Seamless Phantom Blue,LEG-153-M,359.00,09/11/2023,2
7396012818506,Legging Jockey Seamless Phantom Blue,LEG-153-P,359.00,09/11/2023,7
7045733744714,Legging Jockey Seamless Preto,leg-bol-pre-g,359.00,06/12/2022,10
6687221153866,,LEG-BOL-PRE-GG,,25/09/2024,0
7045733744714,Legging Jockey Seamless Preto,leg-bol-pre-m,359.00,06/12/2022,12
7045733744714,Legging Jockey Seamless Preto,leg-bol-pre-p,359.00,06/12/2022,11
7495528742986,Legging Moon Dust Seamless Dark Matter,LEG-419-G,359.00,07/03/2024,2
7495528742986,Legging Moon Dust Seamless Dark Matter,LEG-419-M,359.00,07/03/2024,0
7495528742986,Legging Moon Dust Seamless Dark Matter,LEG-419-P,359.00,07/03/2024,0
7495528808522,Legging Moon Dust Seamless Esmerald,LEG-420-G,359.00,07/03/2024,2
7495528808522,Legging Moon Dust Seamless Esmerald,LEG-420-M,359.00,07/03/2024,3
7495528808522,Legging Moon Dust Seamless Esmerald,LEG-420-P,359.00,07/03/2024,1
7495528874058,Legging Moon Dust Seamless Nickel,LEG-421-G,359.00,07/03/2024,2
7495528874058,Legging Moon Dust Seamless Nickel,LEG-421-M,359.00,07/03/2024,0
7495528874058,Legging Moon Dust Seamless Nickel,LEG-421-P,359.00,07/03/2024,0
7796720435274,Legging Outsider Seamless Alaska blue,LEG-517-G,349.00,25/09/2024,0
7796720435274,Legging Outsider Seamless Alaska blue,LEG-517-M,349.00,25/09/2024,0
7796720435274,Legging Outsider Seamless Alaska blue,LEG-517-P,349.00,25/09/2024,0
6967004921930,Legging Outsider Seamless Azul de Lyons,LEG280,296.65,08/09/2022,2
6967004921930,Legging Outsider Seamless Azul de Lyons,LEG279,296.65,08/09/2022,0
6967004921930,Legging Outsider Seamless Azul de Lyons,LEG278,296.65,08/09/2022,0
6945991655498,Legging Outsider Seamless Azul Marinho,LEG264,349.00,17/08/2022,4
6945991655498,Legging Outsider Seamless Azul Marinho,LEG263,349.00,17/08/2022,1
6945991655498,Legging Outsider Seamless Azul Marinho,LEG262,349.00,17/08/2022,2
7459360145482,Legging Outsider Seamless Brown,LEG-388-G,349.00,24/01/2024,5
7459360145482,Legging Outsider Seamless Brown,LEG-388-M,349.00,24/01/2024,0
7459360145482,Legging Outsider Seamless Brown,LEG-388-P,349.00,24/01/2024,1
6687221153866,,25405327001782,,25/09/2024,0
7770144047178,Legging Outsider Seamless Cayena,LEG-491-G,349.00,09/08/2024,0
7770144047178,Legging Outsider Seamless Cayena,LEG-491-M,349.00,09/08/2024,0
7770144047178,Legging Outsider Seamless Cayena,LEG-491-P,349.00,09/08/2024,-1
7459360309322,Legging Outsider Seamless Dark Brown,LEG-389-G,349.00,24/01/2024,0
7459360309322,Legging Outsider Seamless Dark Brown,LEG-389-M,349.00,24/01/2024,-5
7459360309322,Legging Outsider Seamless Dark Brown,LEG-389-P,349.00,24/01/2024,0
7796719124554,Legging Outsider Seamless Dark Grey,LEG-515-G,349.00,25/09/2024,0
7796719124554,Legging Outsider Seamless Dark Grey,LEG-515-M,349.00,25/09/2024,0
7796719124554,Legging Outsider Seamless Dark Grey,LEG-515-P,349.00,25/09/2024,0
6967004954698,Legging Outsider Seamless Golden Skin,LEG296,296.65,08/09/2022,1
6967004954698,Legging Outsider Seamless Golden Skin,LEG295,296.65,08/09/2022,2
6967004954698,Legging Outsider Seamless Golden Skin,LEG294,296.65,08/09/2022,3
6910076125258,Legging Outsider Seamless Hortencia,LEG227,349.00,06/07/2022,0
6910076125258,Legging Outsider Seamless Hortencia,LEG226,349.00,06/07/2022,3
6910076125258,Legging Outsider Seamless Hortencia,LEG225,349.00,06/07/2022,3
6946026618954,Legging Outsider Seamless Jungle,LEG256,349.00,17/08/2022,3
6946026618954,Legging Outsider Seamless Jungle,LEG255,349.00,17/08/2022,6
6946026618954,Legging Outsider Seamless Jungle,LEG254,349.00,17/08/2022,2
6892867649610,Legging Outsider Seamless Lavinia,LEG178,349.00,15/06/2022,2
6892867649610,Legging Outsider Seamless Lavinia,LEG177,349.00,15/06/2022,1
6892867649610,Legging Outsider Seamless Lavinia,LEG176,349.00,15/06/2022,2
6978390458442,Legging Outsider Seamless Magno,LEG211,349.00,21/09/2022,0
6978390458442,Legging Outsider Seamless Magno,LEG210,349.00,21/09/2022,6
6978390458442,Legging Outsider Seamless Magno,LEG209,349.00,21/09/2022,6
6892867682378,Legging Outsider Seamless Nude,LEG186,349.00,15/06/2022,5
6892867682378,Legging Outsider Seamless Nude,LEG185,349.00,15/06/2022,7
6892867682378,Legging Outsider Seamless Nude,LEG184,349.00,15/06/2022,12
6910076190794,Legging Outsider Seamless Off White,LEG203,349.00,06/07/2022,4
6910076190794,Legging Outsider Seamless Off White,LEG202,349.00,06/07/2022,12
6910076190794,Legging Outsider Seamless Off White,LEG201,349.00,06/07/2022,0
7796720238666,Legging Outsider Seamless Pickled beet,LEG-516-G,349.00,25/09/2024,0
7796720238666,Legging Outsider Seamless Pickled beet,LEG-516-M,349.00,25/09/2024,0
7796720238666,Legging Outsider Seamless Pickled beet,LEG-516-P,349.00,25/09/2024,0
6967004987466,Legging Outsider Seamless Pistache,LEG288,296.65,08/09/2022,6
6967004987466,Legging Outsider Seamless Pistache,LEG287,296.65,08/09/2022,15
6967004987466,Legging Outsider Seamless Pistache,LEG286,296.65,08/09/2022,11
6946026782794,Legging Outsider Seamless Preto,LEG248,349.00,17/08/2022,8
6946026782794,Legging Outsider Seamless Preto,LEG247,349.00,17/08/2022,2
6946026782794,Legging Outsider Seamless Preto,LEG246,349.00,17/08/2022,6
7396016390218,Legging Outsider Seamless Rockefeller,LEG-157-G,349.00,09/11/2023,0
7396016390218,Legging Outsider Seamless Rockefeller,LEG-157-M,349.00,09/11/2023,-1
7396016390218,Legging Outsider Seamless Rockefeller,LEG-157-P,349.00,09/11/2023,2
6946026848330,Legging Outsider Seamless Roze,LEG272,296.65,17/08/2022,0
6946026848330,Legging Outsider Seamless Roze,LEG271,296.65,17/08/2022,4
6946026848330,Legging Outsider Seamless Roze,LEG270,296.65,17/08/2022,0
7396016685130,Legging Outsider Seamless Soprus,LEG-160-G,296.65,09/11/2023,2
7396016685130,Legging Outsider Seamless Soprus,LEG-160-M,296.65,09/11/2023,0
7396016685130,Legging Outsider Seamless Soprus,LEG-160-P,296.65,09/11/2023,0
6967004889162,Legging Outsider Seamless Spicy,LEG304,296.65,08/09/2022,0
6967004889162,Legging Outsider Seamless Spicy,LEG303,296.65,08/09/2022,0
6967004889162,Legging Outsider Seamless Spicy,LEG302,296.65,08/09/2022,2
7396016586826,Legging Outsider Seamless Vintage,LEG-158-G,296.65,09/11/2023,0
7396016586826,Legging Outsider Seamless Vintage,LEG-158-M,296.65,09/11/2023,2
7396016586826,Legging Outsider Seamless Vintage,LEG-158-P,296.65,09/11/2023,3
7495529267274,Legging Print Seamless Cinnamon Caramel,LEG-423-G,279.65,07/03/2024,3
7495529267274,Legging Print Seamless Cinnamon Caramel,LEG-423-M,279.65,07/03/2024,1
7495529267274,Legging Print Seamless Cinnamon Caramel,LEG-423-P,279.65,07/03/2024,3
7495529103434,Legging Print Seamless Grey Coffee,LEG-422-G,329.00,07/03/2024,5
7495529103434,Legging Print Seamless Grey Coffee,LEG-422-M,329.00,07/03/2024,9
7495529103434,Legging Print Seamless Grey Coffee,LEG-422-P,329.00,07/03/2024,8
7055134130250,Legging Pure Seamless Alecrim,leg-pur-ale-g,349.00,19/12/2022,11
7055134130250,Legging Pure Seamless Alecrim,leg-pur-ale-m,349.00,19/12/2022,10
7055134130250,Legging Pure Seamless Alecrim,leg-pur-ale-p,349.00,19/12/2022,8
7254942941258,Legging Pure Seamless Azul Iznik,LEG-134-G,296.65,30/08/2023,2
7254942941258,Legging Pure Seamless Azul Iznik,LEG-134-M,296.65,30/08/2023,3
7254942941258,Legging Pure Seamless Azul Iznik,LEG-134-P,296.65,30/08/2023,2
7796727677002,Legging Pure Seamless Brown,LEG-548-G,349.00,25/09/2024,0
7796727677002,Legging Pure Seamless Brown,LEG-548-M,349.00,25/09/2024,0
7796727677002,Legging Pure Seamless Brown,LEG-548-P,349.00,25/09/2024,0
7497519300682,Legging Pure Seamless Cherry,LEG-440-G,349.00,08/03/2024,4
7497519300682,Legging Pure Seamless Cherry,LEG-440-M,349.00,08/03/2024,0
7497519300682,Legging Pure Seamless Cherry,LEG-440-P,349.00,08/03/2024,4
6856164671562,Legging Pure Seamless Coffee,LEG144,349.00,05/05/2022,5
6856164671562,Legging Pure Seamless Coffee,LEG143,349.00,05/05/2022,14
6856164671562,Legging Pure Seamless Coffee,LEG142,349.00,05/05/2022,9
7796723777610,Legging Pure Seamless Coronet Blue,LEG-527-G,349.00,25/09/2024,0
7796723777610,Legging Pure Seamless Coronet Blue,LEG-527-M,349.00,25/09/2024,0
7796723777610,Legging Pure Seamless Coronet Blue,LEG-526-P,349.00,25/09/2024,0
7796731904074,Legging Pure Seamless Dark Brown,LEG-552-G,349.00,25/09/2024,0
7796731904074,Legging Pure Seamless Dark Brown,LEG-552-M,349.00,25/09/2024,0
7796731904074,Legging Pure Seamless Dark Brown,LEG-552-P,349.00,25/09/2024,0
7378794774602,Legging Pure Seamless Figo,LEG-149-G,349.00,01/11/2023,4
7378794774602,Legging Pure Seamless Figo,LEG-149-M,349.00,01/11/2023,0
7378794774602,Legging Pure Seamless Figo,LEG-149-P,349.00,01/11/2023,7
7065568149578,Legging Pure Seamless Ginger,leg-pur-gin-g,296.65,24/01/2023,12
7065568149578,Legging Pure Seamless Ginger,leg-pur-gin-m,296.65,24/01/2023,24
7065568149578,Legging Pure Seamless Ginger,leg-pur-gin-p,296.65,24/01/2023,10
7378795659338,Legging Pure Seamless Grafeno,LEG-150-G,349.00,01/11/2023,0
7378795659338,Legging Pure Seamless Grafeno,LEG-150-M,349.00,01/11/2023,1
7378795659338,Legging Pure Seamless Grafeno,LEG-150-P,349.00,01/11/2023,2
7796724236362,Legging Pure Seamless Gray Violet,LEG-530-G,349.00,25/09/2024,0
7796724236362,Legging Pure Seamless Gray Violet,LEG-530-M,349.00,25/09/2024,0
7796724236362,Legging Pure Seamless Gray Violet,LEG-530-P,349.00,25/09/2024,0
6849920925770,Legging Pure Seamless Jade,LEG128,349.00,03/05/2022,1
6849920925770,Legging Pure Seamless Jade,LEG127,349.00,03/05/2022,0
6849920925770,Legging Pure Seamless Jade,LEG126,349.00,03/05/2022,2
6710315614282,Legging Pure Seamless Jungle,LEG-PUR-JUN-G,349.00,17/11/2021,3
6710315614282,Legging Pure Seamless Jungle,LEG-PUR-JUN-M,349.00,17/11/2021,4
6710315614282,Legging Pure Seamless Jungle,LEG-PUR-JUN-P,349.00,17/11/2021,2
7045748916298,Legging Pure Seamless Laranja Bahia,leg-pure-bah-g,296.65,06/12/2022,2
7045748916298,Legging Pure Seamless Laranja Bahia,leg-pure-bah-m,296.65,06/12/2022,0
7045748916298,Legging Pure Seamless Laranja Bahia,leg-pure-bah-p,296.65,06/12/2022,5
7254943072330,Legging Pure Seamless Lilac,LEG-135-G,349.00,30/08/2023,2
7254943072330,Legging Pure Seamless Lilac,LEG-135-M,349.00,30/08/2023,1
7254943072330,Legging Pure Seamless Lilac,LEG-135-P,349.00,30/08/2023,1
7796726595658,Legging Pure Seamless Misty Rose,LEG-543-G,349.00,25/09/2024,0
7796726595658,Legging Pure Seamless Misty Rose,LEG-543-M,349.00,25/09/2024,0
7796726595658,Legging Pure Seamless Misty Rose,LEG-543-P,349.00,25/09/2024,0
7497519497290,Legging Pure Seamless Mulberry,LEG-441-G,349.00,08/03/2024,2
7497519497290,Legging Pure Seamless Mulberry,LEG-441-M,349.00,08/03/2024,7
7497519497290,Legging Pure Seamless Mulberry,LEG-441-P,349.00,08/03/2024,10
6856164409418,Legging Pure Seamless Nickel,LEG136,296.65,05/05/2022,0
6856164409418,Legging Pure Seamless Nickel,LEG135,296.65,05/05/2022,6
6856164409418,Legging Pure Seamless Nickel,LEG134,296.65,05/05/2022,4
7254942744650,Legging Pure Seamless Oak,LEG-133-G,349.00,30/08/2023,4
7254942744650,Legging Pure Seamless Oak,LEG-133-M,349.00,30/08/2023,2
7254942744650,Legging Pure Seamless Oak,LEG-133-P,349.00,30/08/2023,2
7055136030794,Legging Pure Seamless Oceano,leg-pur-oce-g,349.00,19/12/2022,2
7055136030794,Legging Pure Seamless Oceano,leg-pur-oce-m,349.00,19/12/2022,0
7055136030794,Legging Pure Seamless Oceano,leg-pur-oce-p,349.00,19/12/2022,4
6856165195850,Legging Pure Seamless Pancake,LEG152,349.00,05/05/2022,14
6856165195850,Legging Pure Seamless Pancake,LEG151,349.00,05/05/2022,3
6856165195850,Legging Pure Seamless Pancake,LEG150,349.00,05/05/2022,0
6687221907530,Legging Pure Seamless Preto,LEG-PUR-PRE-G,349.00,03/11/2021,14
,,LEG-PUR-PRE-GG,,25/09/2024,0
6687221907530,Legging Pure Seamless Preto,LEG-PUR-PRE-M,349.00,18/10/2021,14
6687221907530,Legging Pure Seamless Preto,LEG-PUR-PRE-P,349.00,18/10/2021,15
7045754126410,Legging Pure Seamless Retro,leg-pur-ret-g,296.65,06/12/2022,1
7045754126410,Legging Pure Seamless Retro,leg-pur-ret-m,296.65,06/12/2022,0
7045754126410,Legging Pure Seamless Retro,leg-pur-ret-p,296.65,06/12/2022,1
6856165294154,Legging Pure Seamless Roze,LEG160,349.00,05/05/2022,5
,,LEG-PUR-ROZ-GG,,25/09/2024,0
6856165294154,Legging Pure Seamless Roze,LEG159,349.00,05/05/2022,10
6856165294154,Legging Pure Seamless Roze,LEG158,349.00,05/05/2022,12
6856165457994,Legging Pure Seamless Sea,LEG168,296.65,05/05/2022,0
6856165457994,Legging Pure Seamless Sea,LEG167,296.65,05/05/2022,10
6856165457994,Legging Pure Seamless Sea,LEG166,296.65,05/05/2022,0
7796725252170,Legging Pure Seamless Shark,LEG-540-G,349.00,25/09/2024,0
7796725252170,Legging Pure Seamless Shark,LEG-540-M,349.00,25/09/2024,0
7796725252170,Legging Pure Seamless Shark,LEG-540-P,349.00,25/09/2024,0
7045768413258,Legging Pure Seamless Spicy,leg-pur-spi-g,296.65,06/12/2022,0
7045768413258,Legging Pure Seamless Spicy,leg-pur-spi-m,296.65,06/12/2022,1
7045768413258,Legging Pure Seamless Spicy,leg-pur-spi-p,296.65,06/12/2022,1
7067199897674,Legging Pure Seamless Valência,leg-pur-val-g,349.00,31/01/2023,5
7067199897674,Legging Pure Seamless Valência,leg-pur-val-m,349.00,31/01/2023,4
7067199897674,Legging Pure Seamless Valência,leg-pur-val-p,349.00,31/01/2023,1
7796724760650,Legging Pure Seamless Winery,LEG-535-G,349.00,25/09/2024,0
7796724760650,Legging Pure Seamless Winery,LEG-535-M,349.00,25/09/2024,0
7796724760650,Legging Pure Seamless Winery,LEG-535-P,349.00,25/09/2024,0
7796738785354,Legging Signature Seamless Amphora,LEG-580-G,349.00,25/09/2024,0
7796738785354,Legging Signature Seamless Amphora,LEG-579-M,349.00,25/09/2024,0
7796738785354,Legging Signature Seamless Amphora,LEG-579-P,349.00,25/09/2024,0
7396014522442,Legging Signature Seamless Astral,LEG-154-G,349.00,09/11/2023,2
7396014522442,Legging Signature Seamless Astral,LEG-154-M,349.00,09/11/2023,2
7396014522442,Legging Signature Seamless Astral,LEG-154-P,349.00,09/11/2023,1
7055529803850,Legging Signature Seamless Azul Marinho,leg-sig-azu-g,349.00,19/12/2022,13
7055529803850,Legging Signature Seamless Azul Marinho,leg-sig-azu-m,349.00,19/12/2022,2
7055529803850,Legging Signature Seamless Azul Marinho,leg-sig-azu-p,349.00,19/12/2022,0
7796738523210,Legging Signature Seamless Brown,LEG-575-G,349.00,25/09/2024,0
7796738523210,Legging Signature Seamless Brown,LEG-575-M,349.00,25/09/2024,0
7796738523210,Legging Signature Seamless Brown,LEG-575-P,349.00,25/09/2024,0
7796738097226,Legging Signature Seamless Dark Brown,LEG-571-G,349.00,25/09/2024,0
7796738097226,Legging Signature Seamless Dark Brown,LEG-571-M,349.00,25/09/2024,0
7796738097226,Legging Signature Seamless Dark Brown,LEG-571-P,349.00,25/09/2024,0
7497515434058,Legging Signature Seamless Dark Grey,LEG-434-G,349.00,08/03/2024,0
7497515434058,Legging Signature Seamless Dark Grey,LEG-434-M,349.00,08/03/2024,0
7497515434058,Legging Signature Seamless Dark Grey,LEG-434-P,349.00,08/03/2024,0
7776605175882,Legging Signature Seamless Frozen,LEG-505-G,349.00,22/08/2024,0
7776605175882,Legging Signature Seamless Frozen,LEG-505-M,349.00,22/08/2024,0
7776605175882,Legging Signature Seamless Frozen,LEG-505-P,349.00,22/08/2024,-1
7396014325834,Legging Signature Seamless Jambo,LEG-159-G,349.00,09/11/2023,0
7396014325834,Legging Signature Seamless Jambo,LEG-159-M,349.00,09/11/2023,0
7396014325834,Legging Signature Seamless Jambo,LEG-159-P,349.00,09/11/2023,0
7055529672778,Legging Signature Seamless Jungle,leg-sig-jun-g,349.00,19/12/2022,5
7055529672778,Legging Signature Seamless Jungle,leg-sig-jun-m,349.00,19/12/2022,1
7055529672778,Legging Signature Seamless Jungle,leg-sig-jun-p,349.00,19/12/2022,12
7497515958346,Legging Signature Seamless Morning Sky,LEG-435-G,349.00,08/03/2024,1
7497515958346,Legging Signature Seamless Morning Sky,LEG-435-M,349.00,08/03/2024,0
7497515958346,Legging Signature Seamless Morning Sky,LEG-435-P,349.00,08/03/2024,-1
7796739113034,Legging Signature Seamless Pink Lemonade,LEG-584-G,349.00,25/09/2024,0
7796739113034,Legging Signature Seamless Pink Lemonade,LEG-584-M,349.00,25/09/2024,0
7796739113034,Legging Signature Seamless Pink Lemonade,LEG-584-P,349.00,25/09/2024,0
7055529377866,Legging Signature Seamless Preto,leg-sig-pre-g,349.00,19/12/2022,6
,,LEG-SIG-PRE-GG,,25/09/2024,0
7055529377866,Legging Signature Seamless Preto,leg-sig-pre-m,349.00,19/12/2022,2
7055529377866,Legging Signature Seamless Preto,leg-sig-pre-p,349.00,19/12/2022,8
,,25405327001786,,25/09/2024,0
,,LEG-492-G,,25/09/2024,0
,,LEG-492-M,,25/09/2024,0
,,LEG-492-P,,25/09/2024,0
7796739571786,Legging Signature Seamless Vineyard Wine,LEG-587-G,349.00,25/09/2024,0
7796739571786,Legging Signature Seamless Vineyard Wine,LEG-587-M,349.00,25/09/2024,0
7796739571786,Legging Signature Seamless Vineyard Wine,LEG-587-P,349.00,25/09/2024,0
7338889445450,Legging Stripe Seamless Black&White,LEG-146-G,389.00,06/10/2023,2
7338889445450,Legging Stripe Seamless Black&White,LEG-146-M,389.00,06/10/2023,0
7338889445450,Legging Stripe Seamless Black&White,LEG-146-P,389.00,06/10/2023,7
7459363749962,Legging Stripe Seamless Brown Nude,LEG-393-G,389.00,24/01/2024,4
7459363749962,Legging Stripe Seamless Brown Nude,LEG-393-M,389.00,24/01/2024,1
7459363749962,Legging Stripe Seamless Brown Nude,LEG-393-P,389.00,24/01/2024,2
7774610882634,Legging Stripe Seamless Explorer,LEG-503-G,389.00,16/08/2024,0
7774610882634,Legging Stripe Seamless Explorer,LEG-503-M,389.00,16/08/2024,0
7774610882634,Legging Stripe Seamless Explorer,LEG-503-P,389.00,16/08/2024,0
7796734132298,Legging Stripe Seamless Gray Violet,LEG-562-G,389.00,25/09/2024,0
7796734132298,Legging Stripe Seamless Gray Violet,LEG-562-M,389.00,25/09/2024,0
7796734132298,Legging Stripe Seamless Gray Violet,LEG-562-P,389.00,25/09/2024,0
,,25405327001790,,25/09/2024,0
7770139918410,Legging Stripe Seamless Grey,LEG-487-G,389.00,09/08/2024,0
7770139918410,Legging Stripe Seamless Grey,LEG-487-M,389.00,09/08/2024,-6
7770139918410,Legging Stripe Seamless Grey,LEG-487-P,389.00,09/08/2024,-2
7331631693898,Legging Stripe Seamless Off White,LEG-141-G,389.00,28/09/2023,0
7331631693898,Legging Stripe Seamless Off White,LEG-141-M,389.00,28/09/2023,-1
7331631693898,Legging Stripe Seamless Off White,LEG-141-P,389.00,28/09/2023,0
7796732854346,Legging Stripe Seamless Phantom Blue,LEG-558-G,389.00,25/09/2024,0
7796732854346,Legging Stripe Seamless Phantom Blue,LEG-558-M,389.00,25/09/2024,0
7796732854346,Legging Stripe Seamless Phantom Blue,LEG-557-P,389.00,25/09/2024,0
7331631071306,Legging Stripe Seamless Preto,LEG-140-G,389.00,28/09/2023,6
7331631071306,Legging Stripe Seamless Preto,LEG-140-M,389.00,28/09/2023,1
7331631071306,Legging Stripe Seamless Preto,LEG-140-P,389.00,28/09/2023,6
7459363651658,Legging Stripe Seamless Red Oak,LEG-392-G,389.00,24/01/2024,0
7459363651658,Legging Stripe Seamless Red Oak,LEG-392-M,389.00,24/01/2024,3
7459363651658,Legging Stripe Seamless Red Oak,LEG-392-P,389.00,24/01/2024,2
6687221710922,Legging Track Seamless Cinza Claro,LEG192,203.92,28/07/2022,0
6687221710922,Legging Track Seamless Cinza Claro,LEG-TRA-CCL-M,203.92,18/10/2021,3
6687221710922,Legging Track Seamless Cinza Claro,LEG-TRA-CCL-P,203.92,18/10/2021,6
6687221809226,Legging Track Seamless Cinza Escuro,LEG195,239.90,28/07/2022,0
6687221809226,Legging Track Seamless Cinza Escuro,LEG-TRA-CES-M,239.90,18/10/2021,0
6687221809226,Legging Track Seamless Cinza Escuro,LEG-TRA-CES-P,239.90,18/10/2021,1
7420467970122,Long T-shirt Branco,LON-375-G,289.00,06/12/2023,0
7420467970122,Long T-shirt Branco,LON-375-M,289.00,06/12/2023,0
7420467970122,Long T-shirt Branco,LON-375-P,289.00,06/12/2023,2
7420467839050,Long T-shirt Preto,LON-374-G,289.00,06/12/2023,2
7420467839050,Long T-shirt Preto,LON-374-M,289.00,06/12/2023,2
7420467839050,Long T-shirt Preto,LON-374-P,289.00,06/12/2023,3
7223658512458,Meia Chase Classic Branco,mei-clara-bran,69.00,24/07/2023,7
7237760057418,Meia Chase Classic Preto,MEI-122-U,69.00,10/08/2023,5
7588867735626,Moletom Gentle Black,MOL-466-G,349.95,17/04/2024,2
7588867735626,Moletom Gentle Black,MOL-466-M,349.95,17/04/2024,6
7588867735626,Moletom Gentle Black,MOL-466-P,349.95,17/04/2024,2
7588869603402,Moletom Gentle Dark Brown,MOL-468-G,349.95,17/04/2024,1
7588869603402,Moletom Gentle Dark Brown,MOL-468-M,349.95,17/04/2024,6
7588869603402,Moletom Gentle Dark Brown,MOL-468-P,349.95,17/04/2024,0
7588869832778,Moletom Gentle Light Pink,MOL-469-G,349.95,17/04/2024,3
7588869832778,Moletom Gentle Light Pink,MOL-469-M,349.95,17/04/2024,6
7588869832778,Moletom Gentle Light Pink,MOL-469-P,349.95,17/04/2024,0
7588869406794,Moletom Gentle Off White,MOL-467-G,349.95,17/04/2024,4
7588869406794,Moletom Gentle Off White,MOL-467-M,349.95,17/04/2024,5
7588869406794,Moletom Gentle Off White,MOL-467-P,349.95,17/04/2024,3
7588871700554,Moletom Jogger Black,MOL-474-G,349.95,17/04/2024,0
7588871700554,Moletom Jogger Black,MOL-474-M,349.95,17/04/2024,3
7588871700554,Moletom Jogger Black,MOL-474-P,349.95,17/04/2024,2
7588871995466,Moletom Jogger Dark Brown,MOL-476-G,349.95,17/04/2024,0
7588871995466,Moletom Jogger Dark Brown,MOL-476-M,349.95,17/04/2024,0
7588871995466,Moletom Jogger Dark Brown,MOL-476-P,349.95,17/04/2024,0
7588872061002,Moletom Jogger Light Pink,MOL-477-G,349.95,17/04/2024,1
7588872061002,Moletom Jogger Light Pink,MOL-477-M,349.95,17/04/2024,1
7588872061002,Moletom Jogger Light Pink,MOL-477-P,349.95,17/04/2024,0
7588871864394,Moletom Jogger Off White,MOL-475-G,349.95,17/04/2024,0
7588871864394,Moletom Jogger Off White,MOL-475-M,349.95,17/04/2024,0
7588871864394,Moletom Jogger Off White,MOL-475-P,349.95,17/04/2024,2
7588865704010,Moletom Straight Flare Black,MOL-462-G,349.95,17/04/2024,0
7588865704010,Moletom Straight Flare Black,MOL-462-M,349.95,17/04/2024,0
7588865704010,Moletom Straight Flare Black,MOL-462-P,349.95,17/04/2024,1
,,Moletom Straight Dark Brown,,25/09/2024,0
7588866916426,Moletom Straight Flare Dark Brown,MOL-464-G,349.95,17/04/2024,0
7588866916426,Moletom Straight Flare Dark Brown,MOL-464-M,349.95,17/04/2024,0
7588866916426,Moletom Straight Flare Dark Brown,MOL-464-P,349.95,17/04/2024,0
7588867211338,Moletom Straight Flare Light Pink,MOL-465-G,349.95,17/04/2024,4
7588867211338,Moletom Straight Flare Light Pink,MOL-465-M,349.95,17/04/2024,2
7588867211338,Moletom Straight Flare Light Pink,MOL-465-P,349.95,17/04/2024,0
,,Moletom Straight Off White,,25/09/2024,0
7588866621514,Moletom Straight Flare Off White,MOL-463-G,349.95,17/04/2024,0
7588866621514,Moletom Straight Flare Off White,MOL-463-M,349.95,17/04/2024,0
7588866621514,Moletom Straight Flare Off White,MOL-463-P,349.95,17/04/2024,3
7588870127690,,The Hood Black,,25/09/2024,0
7588870127690,Moletom The Hood Black,THE-470-G,349.95,17/04/2024,0
7588870127690,Moletom The Hood Black,THE-470-M,349.95,17/04/2024,0
7588870127690,Moletom The Hood Black,THE-470-P,349.95,17/04/2024,0
7588870619210,,The Hood Dark Brown,,25/09/2024,0
7588870619210,Moletom The Hood Dark Brown,THE-472-G,349.95,17/04/2024,0
7588870619210,Moletom The Hood Dark Brown,THE-472-M,349.95,17/04/2024,-1
7588870619210,Moletom The Hood Dark Brown,THE-472-P,349.95,17/04/2024,0
7588871274570,,The Hood Light Pink,,25/09/2024,0
7588871274570,Moletom The Hood Light Pink,THE-473-G,349.95,17/04/2024,0
7588871274570,Moletom The Hood Light Pink,THE-473-M,349.95,17/04/2024,1
7588871274570,Moletom The Hood Light Pink,THE-473-P,349.95,17/04/2024,0
7588870389834,,The Hood Off White,,25/09/2024,0
7588870389834,Moletom The Hood Off White,THE-471-G,349.95,17/04/2024,0
7588870389834,Moletom The Hood Off White,THE-471-M,349.95,17/04/2024,0
7588870389834,Moletom The Hood Off White,THE-471-P,349.95,17/04/2024,0
,,Polo Short Baby Blue,,25/09/2024,0
7588862001226,Polo Court Baby Blue,POL-460-G,269.00,17/04/2024,0
7588862001226,Polo Court Baby Blue,POL-460-M,269.00,17/04/2024,0
7588862001226,Polo Court Baby Blue,POL-460-P,269.00,17/04/2024,2
,,Polo Short Brown caramel,,25/09/2024,0
7588861673546,Polo Court Brown Caramel,POL-459-G,269.00,17/04/2024,0
7588861673546,Polo Court Brown Caramel,POL-459-M,269.00,17/04/2024,1
7588861673546,Polo Court Brown Caramel,POL-459-P,269.00,17/04/2024,1
,,Polo Short Legend Green,,25/09/2024,0
7588862951498,Polo Court Legend Green,POL-461-G,269.00,17/04/2024,2
7588862951498,Polo Court Legend Green,POL-461-M,269.00,17/04/2024,2
7588862951498,Polo Court Legend Green,POL-461-P,269.00,17/04/2024,2
,,Polo Short Off White,,25/09/2024,0
7588861444170,Polo Court Off White,POL-458-G,269.00,17/04/2024,3
7588861444170,Polo Court Off White,POL-458-M,269.00,17/04/2024,0
7588861444170,Polo Court Off White,POL-458-P,269.00,17/04/2024,1
7223660216394,Pullover Mock Neck - Branco,pul-moc-bra-p,249.90,24/07/2023,0
7223659495498,Pullover Mock Neck - Preto,pul-moc-pre-p,249.90,24/07/2023,0
7420467478602,Regata essential Branco,TAN-373-G,219.00,06/12/2023,2
7420467478602,Regata essential Branco,TAN-373-M,219.00,06/12/2023,5
7420467478602,Regata essential Branco,TAN-373-P,219.00,06/12/2023,3
7420467281994,Regata essential Preto,TAN-372-G,219.00,06/12/2023,2
7420467281994,Regata essential Preto,TAN-372-M,219.00,06/12/2023,2
7420467281994,Regata essential Preto,TAN-372-P,219.00,06/12/2023,4
7420467019850,Regata See Branco,TAN-371-G,229.00,06/12/2023,20
7420467019850,Regata See Branco,TAN-371-M,229.00,06/12/2023,24
7420467019850,Regata See Branco,TAN-371-P,229.00,06/12/2023,12
7420464267338,Regata See Preto,TAN-370-G,229.00,06/12/2023,2
7420464267338,Regata See Preto,TAN-370-M,229.00,06/12/2023,2
7420464267338,Regata See Preto,TAN-370-P,229.00,06/12/2023,2
6756615815242,Short Apex Seamless Ash,SHO92,169.90,18/01/2022,0
6756615815242,Short Apex Seamless Ash,SHO91,169.90,18/01/2022,0
6756615815242,Short Apex Seamless Ash,SHO90,169.90,18/01/2022,0
6756615782474,Short Apex Seamless Coal,SHO84,144.42,18/01/2022,0
6756615782474,Short Apex Seamless Coal,SHO83,144.42,18/01/2022,0
6756615782474,Short Apex Seamless Coal,SHO82,144.42,18/01/2022,5
6756615749706,Short Apex Seamless Nickel,SHO96,169.90,18/01/2022,0
6756615749706,Short Apex Seamless Nickel,SHO95,169.90,18/01/2022,0
6756615749706,Short Apex Seamless Nickel,SHO94,169.90,18/01/2022,0
6756615684170,Short Apex Seamless Sky,SHO88,144.42,18/01/2022,0
6756615684170,Short Apex Seamless Sky,SHO87,144.42,18/01/2022,0
6756615684170,Short Apex Seamless Sky,SHO86,144.42,18/01/2022,2
7796737212490,Short Jockey Seamless Brown,SHO-569-G,319.00,25/09/2024,0
7796737212490,Short Jockey Seamless Brown,SHO-569-M,319.00,25/09/2024,0
7796737212490,Short Jockey Seamless Brown,SHO-569-P,319.00,25/09/2024,0
7796736262218,Short Jockey Seamless Dark Brown,SHO-566-G,319.00,25/09/2024,0
7796736262218,Short Jockey Seamless Dark Brown,SHO-566-M,319.00,25/09/2024,0
7796736262218,Short Jockey Seamless Dark Brown,SHO-566-P,319.00,25/09/2024,0
7447760207946,Short Jockey Seamless Jungle,SHO-386-G,319.00,16/01/2024,0
7447760207946,Short Jockey Seamless Jungle,SHO-386-M,319.00,16/01/2024,0
7447760207946,Short Jockey Seamless Jungle,SHO-386-P,319.00,16/01/2024,0
7545717030986,Short Jockey Seamless Preto,SHO-453-G,319.00,04/04/2024,6
7545717030986,Short Jockey Seamless Preto,SHO-453-M,319.00,04/04/2024,0
7545717030986,Short Jockey Seamless Preto,SHO-453-P,319.00,04/04/2024,2
7495530381386,Short Moon Dust Seamless Dark Matter,SHO-429-G,279.00,07/03/2024,6
7495530381386,Short Moon Dust Seamless Dark Matter,SHO-429-M,279.00,07/03/2024,4
7495530381386,Short Moon Dust Seamless Dark Matter,SHO-429-P,279.00,07/03/2024,6
7495530446922,Short Moon Dust Seamless Esmerald,SHO-430-G,279.00,07/03/2024,6
7495530446922,Short Moon Dust Seamless Esmerald,SHO-430-M,279.00,07/03/2024,3
7495530446922,Short Moon Dust Seamless Esmerald,SHO-430-P,279.00,07/03/2024,3
7495530577994,Short Moon Dust Seamless Nickel,SHO-431-G,279.00,07/03/2024,6
7495530577994,Short Moon Dust Seamless Nickel,SHO-431-M,279.00,07/03/2024,5
7495530577994,Short Moon Dust Seamless Nickel,SHO-431-P,279.00,07/03/2024,2
7796722204746,Short Outsider Seamless Alaska blue,SHO-525-G,289.00,25/09/2024,0
7796722204746,Short Outsider Seamless Alaska blue,SHO-525-M,289.00,25/09/2024,0
7796722204746,Short Outsider Seamless Alaska blue,SHO-525-P,289.00,25/09/2024,0
7045786009674,Short Outsider Seamless Azul Marinho,sho-out-azul-g,289.00,06/12/2022,5
7045786009674,Short Outsider Seamless Azul Marinho,sho-out-azul-m,289.00,06/12/2022,6
7045786009674,Short Outsider Seamless Azul Marinho,sho-out-azul-p,289.00,06/12/2022,6
7459398156362,Short Outsider Seamless Brown,SHO-399-G,289.00,24/01/2024,3
7459398156362,Short Outsider Seamless Brown,SHO-399-M,289.00,24/01/2024,5
7459398156362,Short Outsider Seamless Brown,SHO-399-P,289.00,24/01/2024,3
,,25405327001794,,25/09/2024,0
7770143752266,Short Outsider Seamless Cayena,SHO-489-G,289.00,09/08/2024,0
7770143752266,Short Outsider Seamless Cayena,SHO-489-M,289.00,09/08/2024,0
7770143752266,Short Outsider Seamless Cayena,SHO-489-P,289.00,09/08/2024,0
7459397992522,Short Outsider Seamless Dark Brown,SHO-398-G,289.00,24/01/2024,13
7459397992522,Short Outsider Seamless Dark Brown,SHO-398-M,289.00,24/01/2024,13
7459397992522,Short Outsider Seamless Dark Brown,SHO-398-P,289.00,24/01/2024,11
7796721352778,Short Outsider Seamless Dark Grey,SHO-522-G,289.00,25/09/2024,0
7796721352778,Short Outsider Seamless Dark Grey,SHO-522-M,289.00,25/09/2024,0
7796721352778,Short Outsider Seamless Dark Grey,SHO-522-P,289.00,25/09/2024,0
7045792432202,Short Outsider Seamless Jungle,sho-out-jun-g,289.00,06/12/2022,7
7045792432202,Short Outsider Seamless Jungle,sho-out-jun-m,289.00,06/12/2022,6
7045792432202,Short Outsider Seamless Jungle,sho-out-jun-p,289.00,06/12/2022,9
7045795774538,Short Outsider Seamless Magno,sho-out-mag-g,289.00,06/12/2022,5
7045795774538,Short Outsider Seamless Magno,sho-out-mag-m,289.00,06/12/2022,10
7045795774538,Short Outsider Seamless Magno,sho-out-mag-p,289.00,06/12/2022,11
7208089387082,Short Outsider Seamless Off White,SHO-OUT-OFF-G,289.00,07/07/2023,3
7208089387082,Short Outsider Seamless Off White,SHO-OUT-OFF-M,289.00,07/07/2023,-2
7208089387082,Short Outsider Seamless Off White,SHO-OUT-OFF-P,289.00,07/07/2023,8
7796722106442,Short Outsider Seamless Pickled beet,SHO-524-G,289.00,25/09/2024,0
7796722106442,Short Outsider Seamless Pickled beet,SHO-524-M,289.00,25/09/2024,0
7796722106442,Short Outsider Seamless Pickled beet,SHO-524-P,289.00,25/09/2024,0
7208090959946,Short Outsider Seamless Pistache,SHO-OUT-PIS-G,245.65,07/07/2023,9
7208090959946,Short Outsider Seamless Pistache,SHO-OUT-PIS-M,245.65,07/07/2023,14
7208090959946,Short Outsider Seamless Pistache,SHO-OUT-PIS-P,245.65,07/07/2023,12
7045804261450,Short Outsider Seamless Preto,sho-out-pre-g,289.00,06/12/2022,9
7045804261450,Short Outsider Seamless Preto,sho-out-pre-m,289.00,06/12/2022,9
7045804261450,Short Outsider Seamless Preto,sho-out-pre-p,289.00,06/12/2022,8
7396017111114,Short Outsider Seamless Rockefeller,SHO-161-G,289.00,09/11/2023,3
7396017111114,Short Outsider Seamless Rockefeller,SHO-161-M,289.00,09/11/2023,4
7396017111114,Short Outsider Seamless Rockefeller,SHO-161-P,289.00,09/11/2023,2
7396016914506,Short Outsider Seamless Soprus,SHO-163-G,245.65,09/11/2023,1
7396016914506,Short Outsider Seamless Soprus,SHO-163-M,245.65,09/11/2023,2
7396016914506,Short Outsider Seamless Soprus,SHO-163-P,245.65,09/11/2023,1
7396017635402,Short Outsider Seamless Vintage,SHO-164-G,245.65,09/11/2023,0
7396017635402,Short Outsider Seamless Vintage,SHO-164-M,245.65,09/11/2023,2
7396017635402,Short Outsider Seamless Vintage,SHO-164-P,245.65,09/11/2023,1
7495530676298,Short Print Seamless Cinnamon Caramel,SHO-433-G,228.65,07/03/2024,5
7495530676298,Short Print Seamless Cinnamon Caramel,SHO-433-M,228.65,07/03/2024,3
7495530676298,Short Print Seamless Cinnamon Caramel,SHO-433-P,228.65,07/03/2024,1
7495530610762,Short Print Seamless Grey Coffee,SHO-432-G,269.00,07/03/2024,8
7495530610762,Short Print Seamless Grey Coffee,SHO-432-M,269.00,07/03/2024,11
7495530610762,Short Print Seamless Grey Coffee,SHO-432-P,269.00,07/03/2024,12
7796727971914,Short Pure Seamless Brown,SHO-549-G,289.00,25/09/2024,0
7796727971914,Short Pure Seamless Brown,SHO-549-M,289.00,25/09/2024,0
7796727971914,Short Pure Seamless Brown,SHO-549-P,289.00,25/09/2024,0
7497520971850,Short Pure Seamless Cherry,SHO-445-G,289.00,08/03/2024,5
7497520971850,Short Pure Seamless Cherry,SHO-445-M,289.00,08/03/2024,8
7497520971850,Short Pure Seamless Cherry,SHO-445-P,289.00,08/03/2024,15
7796723908682,Short Pure Seamless Coronet Blue,SHO-528-G,289.00,25/09/2024,0
7796723908682,Short Pure Seamless Coronet Blue,SHO-528-M,289.00,25/09/2024,0
7796723908682,Short Pure Seamless Coronet Blue,SHO-528-P,289.00,25/09/2024,0
7796732395594,Short Pure Seamless Dark Brown,SHO-554-G,289.00,25/09/2024,0
7796732395594,Short Pure Seamless Dark Brown,SHO-554-M,289.00,25/09/2024,0
7796732395594,Short Pure Seamless Dark Brown,SHO-554-P,289.00,25/09/2024,0
7505104011338,Short Pure Seamless Figo,SHO-449-G,289.00,14/03/2024,11
7505104011338,Short Pure Seamless Figo,SHO-449-M,289.00,14/03/2024,10
7505104011338,Short Pure Seamless Figo,SHO-449-P,289.00,14/03/2024,6
7796724367434,Short Pure Seamless Gray Violet,SHO-532-G,289.00,25/09/2024,0
7796724367434,Short Pure Seamless Gray Violet,SHO-532-M,289.00,25/09/2024,0
7796724367434,Short Pure Seamless Gray Violet,SHO-531-P,289.00,25/09/2024,0
7505104175178,Short Pure Seamless Jungle,SHO-450-G,289.00,14/03/2024,6
7505104175178,Short Pure Seamless Jungle,SHO-450-M,289.00,14/03/2024,7
7505104175178,Short Pure Seamless Jungle,SHO-450-P,289.00,14/03/2024,6
7796726726730,Short Pure Seamless Misty Rose,SHO-545-G,289.00,25/09/2024,0
7796726726730,Short Pure Seamless Misty Rose,SHO-544-M,289.00,25/09/2024,0
7796726726730,Short Pure Seamless Misty Rose,SHO-544-P,289.00,25/09/2024,0
7497520709706,Short Pure Seamless Mulberry,SHO-444-G,289.00,08/03/2024,2
7497520709706,Short Pure Seamless Mulberry,SHO-444-M,289.00,08/03/2024,9
7497520709706,Short Pure Seamless Mulberry,SHO-444-P,289.00,08/03/2024,9
7505103880266,Short Pure Seamless Oak,SHO-447-G,289.00,14/03/2024,0
7505103880266,Short Pure Seamless Oak,SHO-447-M,289.00,14/03/2024,0
7505103880266,Short Pure Seamless Oak,SHO-447-P,289.00,14/03/2024,6
7505103913034,Short Pure Seamless Pancake,SHO-448-G,289.00,14/03/2024,11
7505103913034,Short Pure Seamless Pancake,SHO-448-M,289.00,14/03/2024,0
7505103913034,Short Pure Seamless Pancake,SHO-448-P,289.00,14/03/2024,10
7505103585354,Short Pure Seamless Preto,SHO-446-G,289.00,14/03/2024,2
7505103585354,Short Pure Seamless Preto,SHO-446-M,289.00,14/03/2024,16
7505103585354,Short Pure Seamless Preto,SHO-446-P,289.00,14/03/2024,12
7796725317706,Short Pure Seamless Shark,SHO-541-G,289.00,25/09/2024,0
7796725317706,Short Pure Seamless Shark,SHO-541-M,289.00,25/09/2024,0
7796725317706,Short Pure Seamless Shark,SHO-541-P,289.00,25/09/2024,0
7796724990026,Short Pure Seamless Winery,SHO-537-G,289.00,25/09/2024,0
7796724990026,Short Pure Seamless Winery,SHO-536-M,289.00,25/09/2024,0
7796724990026,Short Pure Seamless Winery,SHO-536-P,289.00,25/09/2024,0
7796738916426,Short Signature Seamless Amphora,SHO-581-G,289.00,25/09/2024,0
7796738916426,Short Signature Seamless Amphora,SHO-581-M,289.00,25/09/2024,0
7796738916426,Short Signature Seamless Amphora,SHO-581-P,289.00,25/09/2024,0
7396014915658,Short Signature Seamless Astral,SHO-162-G,289.00,09/11/2023,2
7396014915658,Short Signature Seamless Astral,SHO-162-M,289.00,09/11/2023,1
7396014915658,Short Signature Seamless Astral,SHO-162-P,289.00,09/11/2023,3
7001211174986,Short Signature Seamless Azul Marinho,sho-sig-azu-g,289.00,13/10/2022,3
7001211174986,Short Signature Seamless Azul Marinho,sho-sig-azu-m,289.00,13/10/2022,20
7001211174986,Short Signature Seamless Azul Marinho,sho-sig-azu-p,289.00,13/10/2022,5
7796738621514,Short Signature Seamless Brown,SHO-577-G,289.00,25/09/2024,0
7796738621514,Short Signature Seamless Brown,SHO-577-M,289.00,25/09/2024,0
7796738621514,Short Signature Seamless Brown,SHO-577-P,289.00,25/09/2024,0
7001211273290,Short Signature Seamless Celeste,sho-sig-cel-g,289.00,13/10/2022,4
7001211273290,Short Signature Seamless Celeste,sho-sig-cel-m,289.00,13/10/2022,4
7001211273290,Short Signature Seamless Celeste,sho-sig-cel-p,289.00,13/10/2022,2
7796738162762,Short Signature Seamless Dark Brown,SHO-572-G,289.00,25/09/2024,0
7796738162762,Short Signature Seamless Dark Brown,SHO-572-M,289.00,25/09/2024,0
7796738162762,Short Signature Seamless Dark Brown,SHO-572-P,289.00,25/09/2024,0
7497516384330,Short Signature Seamless Dark Grey,SHO-436-G,289.00,08/03/2024,0
7497516384330,Short Signature Seamless Dark Grey,SHO-436-M,289.00,08/03/2024,0
7497516384330,Short Signature Seamless Dark Grey,SHO-436-P,289.00,08/03/2024,0
7001211437130,Short Signature Seamless Florence,sho-sig-flo-g,245.65,13/10/2022,2
7001211437130,Short Signature Seamless Florence,sho-sig-flo-m,245.65,13/10/2022,4
7001211437130,Short Signature Seamless Florence,sho-sig-flo-p,245.65,13/10/2022,2
7776605372490,Short Signature Seamless Frozen,SHO-506-G,289.00,22/08/2024,0
7776605372490,Short Signature Seamless Frozen,SHO-506-M,289.00,22/08/2024,0
7776605372490,Short Signature Seamless Frozen,SHO-506-P,289.00,22/08/2024,0
7001211371594,Short Signature Seamless Fucsia,sho-sig-fes-g,289.00,13/10/2022,2
7001211371594,Short Signature Seamless Fucsia,sho-sig-fes-m,289.00,13/10/2022,0
7001211371594,Short Signature Seamless Fucsia,sho-sig-fes-p,289.00,13/10/2022,0
7396015112266,Short Signature Seamless Jambo,SHO-155-G,289.00,09/11/2023,7
7396015112266,Short Signature Seamless Jambo,SHO-155-M,289.00,09/11/2023,6
7396015112266,Short Signature Seamless Jambo,SHO-155-P,289.00,09/11/2023,6
7001211502666,Short Signature Seamless Jungle,sho-sig-jun-g,289.00,13/10/2022,9
7001211502666,Short Signature Seamless Jungle,sho-sig-jun-m,289.00,13/10/2022,0
7001211502666,Short Signature Seamless Jungle,sho-sig-jun-p,289.00,13/10/2022,0
7001211240522,Short Signature Seamless Laranja Bahia,sho-sig-bah-g,245.65,13/10/2022,2
7001211240522,Short Signature Seamless Laranja Bahia,sho-sig-bah-m,245.65,13/10/2022,3
7001211240522,Short Signature Seamless Laranja Bahia,sho-sig-bah-p,245.65,13/10/2022,0
7497516679242,Short Signature Seamless Morning Sky,SHO-437-G,289.00,08/03/2024,3
7497516679242,Short Signature Seamless Morning Sky,SHO-437-M,289.00,08/03/2024,1
7497516679242,Short Signature Seamless Morning Sky,SHO-437-P,289.00,08/03/2024,0
7208084602954,Short Signature Seamless Off White,SHO-SIG-OFF-G,289.00,07/07/2023,1
7208084602954,Short Signature Seamless Off White,SHO-SIG-OFF-M,289.00,07/07/2023,8
7208084602954,Short Signature Seamless Off White,SHO-SIG-OFF-P,289.00,07/07/2023,12
7796739211338,Short Signature Seamless Pink Lemonade,SHO-585-G,289.00,25/09/2024,0
7796739211338,Short Signature Seamless Pink Lemonade,SHO-585-M,289.00,25/09/2024,0
7796739211338,Short Signature Seamless Pink Lemonade,SHO-585-P,289.00,25/09/2024,0
7208083390538,Short Signature Seamless Pistache,SHO-SIG-PIS-G,245.65,07/07/2023,2
7208083390538,Short Signature Seamless Pistache,SHO-SIG-PIS-M,245.65,07/07/2023,5
7208083390538,Short Signature Seamless Pistache,SHO-SIG-PIS-P,245.65,07/07/2023,2
7001211666506,Short Signature Seamless Preto,sho-sig-pre-g,289.00,13/10/2022,5
7001211666506,Short Signature Seamless Preto,sho-sig-pre-m,289.00,13/10/2022,13
7001211666506,Short Signature Seamless Preto,sho-sig-pre-p,289.00,13/10/2022,11
7001211732042,Short Signature Seamless Rambla,sho-sig-ram-g,245.65,13/10/2022,0
7001211732042,Short Signature Seamless Rambla,sho-sig-ram-m,245.65,13/10/2022,3
7001211732042,Short Signature Seamless Rambla,sho-sig-ram-p,245.65,13/10/2022,3
,,25405327001798,,25/09/2024,0
,,SHO-493-G,,25/09/2024,0
,,SHO-493-M,,25/09/2024,0
,,SHO-493-P,,25/09/2024,0
7001211600970,Short Signature Seamless Vermelho,sho-sig-mac-g,289.00,13/10/2022,0
7001211600970,Short Signature Seamless Vermelho,sho-sig-mac-m,289.00,13/10/2022,3
7001211600970,Short Signature Seamless Vermelho,sho-sig-mac-p,289.00,13/10/2022,0
7796741242954,Short Signature Seamless Vineyard Wine,SHO-588-G,289.00,25/09/2024,0
7796741242954,Short Signature Seamless Vineyard Wine,SHO-588-M,289.00,25/09/2024,0
7796741242954,Short Signature Seamless Vineyard Wine,SHO-588-P,289.00,25/09/2024,0
7338890494026,Short Stripe Seamless Black&White,SHO-148-G,319.00,06/10/2023,4
7338890494026,Short Stripe Seamless Black&White,SHO-148-M,319.00,06/10/2023,4
7338890494026,Short Stripe Seamless Black&White,SHO-148-P,319.00,06/10/2023,2
7459363946570,Short Stripe Seamless Brown Nude,STR-395-G,319.00,24/01/2024,5
7459363946570,Short Stripe Seamless Brown Nude,STR-395-M,319.00,24/01/2024,3
7459363946570,Short Stripe Seamless Brown Nude,STR-395-P,319.00,24/01/2024,5
7774610391114,Short Stripe Seamless Explorer,SHO-502-G,319.00,16/08/2024,0
7774610391114,Short Stripe Seamless Explorer,SHO-502-M,319.00,16/08/2024,0
7774610391114,Short Stripe Seamless Explorer,SHO-502-P,319.00,16/08/2024,0
7796734230602,Short Stripe Seamless Gray Violet,SHO-563-G,319.00,25/09/2024,0
7796734230602,Short Stripe Seamless Gray Violet,SHO-563-M,319.00,25/09/2024,0
7796734230602,Short Stripe Seamless Gray Violet,SHO-563-P,319.00,25/09/2024,0
,,25405327001770,,25/09/2024,0
7770140049482,Short Stripe Seamless Grey,SHO-486-G,319.00,09/08/2024,0
7770140049482,Short Stripe Seamless Grey,SHO-486-M,319.00,09/08/2024,-2
7770140049482,Short Stripe Seamless Grey,SHO-486-P,319.00,09/08/2024,-1
7331632480330,Short Stripe Seamless Off White,SHO-143-G,319.00,28/09/2023,5
7331632480330,Short Stripe Seamless Off White,SHO-143-M,319.00,28/09/2023,3
7331632480330,Short Stripe Seamless Off White,SHO-143-P,319.00,28/09/2023,5
7796733247562,Short Stripe Seamless Phantom Blue,SHO-561-G,319.00,25/09/2024,0
7796733247562,Short Stripe Seamless Phantom Blue,SHO-560-M,319.00,25/09/2024,0
7796733247562,Short Stripe Seamless Phantom Blue,SHO-560-P,319.00,25/09/2024,0
7331632087114,Short Stripe Seamless Preto,SHO-142-G,319.00,28/09/2023,10
7331632087114,Short Stripe Seamless Preto,SHO-142-M,319.00,28/09/2023,13
7331632087114,Short Stripe Seamless Preto,SHO-142-P,319.00,28/09/2023,2
7459363848266,Short Stripe Seamless Red Oak,SHO-394-G,319.00,24/01/2024,1
7459363848266,Short Stripe Seamless Red Oak,SHO-394-M,319.00,24/01/2024,1
7459363848266,Short Stripe Seamless Red Oak,SHO-394-P,319.00,24/01/2024,0
7588860854346,Skirt Court Baby Blue,SKI-456-G,299.00,17/04/2024,2
7588860854346,Skirt Court Baby Blue,SKI-456-M,299.00,17/04/2024,3
7588860854346,Skirt Court Baby Blue,SKI-456-P,299.00,17/04/2024,1
,,Skirt Court Brown caramel,,25/09/2024,0
7588860264522,Skirt Court Brown Caramel,SKI-455-G,299.00,17/04/2024,0
7588860264522,Skirt Court Brown Caramel,SKI-455-M,299.00,17/04/2024,1
7588860264522,Skirt Court Brown Caramel,SKI-455-P,299.00,17/04/2024,0
7588861083722,Skirt Court Legend Green,SKI-457-G,299.00,17/04/2024,2
7588861083722,Skirt Court Legend Green,SKI-457-M,299.00,17/04/2024,1
7588861083722,Skirt Court Legend Green,SKI-457-P,299.00,17/04/2024,1
7588858822730,Skirt Court Off White,COP-454-G,299.00,17/04/2024,0
7588858822730,Skirt Court Off White,COP-454-M,299.00,17/04/2024,-1
7588858822730,Skirt Court Off White,COP-454-P,299.00,17/04/2024,1
7420470100042,Soho T-shirt Branco,SOH-380-G,269.00,06/12/2023,1
7420470100042,Soho T-shirt Branco,SOH-380-M,269.00,06/12/2023,2
7420470100042,Soho T-shirt Branco,SOH-380-P,269.00,06/12/2023,1
,,25405327001754,,25/09/2024,0
7762438815818,Soho T-shirt Grey lead,SOH-484-G,269.00,25/07/2024,0
7762438815818,Soho T-shirt Grey lead,SOH-484-M,269.00,25/07/2024,0
7762438815818,Soho T-shirt Grey lead,SOH-484-P,269.00,25/07/2024,2
,,25405327001758,,25/09/2024,0
7762438651978,Soho T-shirt Light blue,SOH-483-G,269.00,25/07/2024,0
7762438651978,Soho T-shirt Light blue,SOH-483-M,269.00,25/07/2024,2
7762438651978,Soho T-shirt Light blue,SOH-483-P,269.00,25/07/2024,3
,,25405327001762,,25/09/2024,0
7762438553674,Soho T-shirt Light pink,SOH-482-G,269.00,25/07/2024,0
7762438553674,Soho T-shirt Light pink,SOH-482-M,269.00,25/07/2024,1
7762438553674,Soho T-shirt Light pink,SOH-482-P,269.00,25/07/2024,2
7420470198346,Soho T-shirt Nude,SOH-381-G,269.00,06/12/2023,0
7420470198346,Soho T-shirt Nude,SOH-381-M,269.00,06/12/2023,3
7420470198346,Soho T-shirt Nude,SOH-381-P,269.00,06/12/2023,3
,,25405327001766,,25/09/2024,0
7762438422602,Soho T-shirt Old Pink,SOH-481-G,269.00,25/07/2024,0
7762438422602,Soho T-shirt Old Pink,SOH-481-M,269.00,25/07/2024,2
7762438422602,Soho T-shirt Old Pink,SOH-481-P,269.00,25/07/2024,0
7420470034506,Soho T-shirt Preto,SOH-379-G,269.00,06/12/2023,3
7420470034506,Soho T-shirt Preto,SOH-379-M,269.00,06/12/2023,5
7420470034506,Soho T-shirt Preto,SOH-379-P,269.00,06/12/2023,8
7484588752970,T-shirt Básica Essential Bege,T-S-411-G,249.00,27/02/2024,0
7484588752970,,T-S-408-G,,25/09/2024,0
7484588752970,T-shirt Básica Essential Bege,T-S-408-M,249.00,27/02/2024,0
7484588752970,T-shirt Básica Essential Bege,T-S-408-P,249.00,27/02/2024,-1
6687221153866,T-shirt Básica Essential Branco,TSH-ESS-BRA-G,249.00,18/10/2021,3
6687221153866,T-shirt Básica Essential Branco,TSH-ESS-BRA-GG,249.00,18/10/2021,2
6687221153866,T-shirt Básica Essential Branco,TSH-ESS-BRA-M,249.00,18/10/2021,10
6687221153866,T-shirt Básica Essential Branco,TSH-ESS-BRA-P,249.00,18/10/2021,2
7484588884042,T-shirt Básica Essential Grey Lead,T-S-413-G,249.00,27/02/2024,2
7484588884042,,T-S-409-G,,25/09/2024,0
7484588884042,T-shirt Básica Essential Grey Lead,T-S-409-M,249.00,27/02/2024,4
7484588884042,T-shirt Básica Essential Grey Lead,T-S-409-P,249.00,27/02/2024,4
7484589047882,T-shirt Básica Essential Light Blue,T-S-414-G,249.00,27/02/2024,2
7484589047882,,T-S-410-G,,25/09/2024,0
7484589047882,T-shirt Básica Essential Light Blue,T-S-410-M,249.00,27/02/2024,1
7484589047882,T-shirt Básica Essential Light Blue,T-S-410-P,249.00,27/02/2024,2
7484588621898,T-shirt Básica Essential Light Pink,T-S-412-G,249.00,27/02/2024,3
7484588621898,,T-S-407-G,,25/09/2024,0
7484588621898,T-shirt Básica Essential Light Pink,T-S-407-M,249.00,27/02/2024,2
7484588621898,T-shirt Básica Essential Light Pink,T-S-407-P,249.00,27/02/2024,3
6687221284938,T-shirt Básica Essential Preto,25405327001744,249.00,18/10/2021,11
6687221284938,T-shirt Básica Essential Preto,TSH-ESS-PRE-GG,249.00,18/10/2021,0
6687221284938,T-shirt Básica Essential Preto,TSH-ESS-PRE-M,249.00,18/10/2021,20
6687221284938,T-shirt Básica Essential Preto,TSH-ESS-PRE-P,249.00,18/10/2021,26
7492977492042,Tank Stripe All Black,TAN-416-G,239.00,05/03/2024,4
7492977492042,Tank Stripe All Black,TAN-416-M,239.00,05/03/2024,4
7492977492042,Tank Stripe All Black,TAN-416-P,239.00,05/03/2024,3
7492977524810,Tank Stripe All Off,TAN-417-G,239.00,05/03/2024,2
7492977524810,Tank Stripe All Off,TAN-417-M,239.00,05/03/2024,2
7492977524810,Tank Stripe All Off,TAN-417-P,239.00,05/03/2024,3
7237762711626,Tank Stripe Off White,TAN-124-G,239.00,10/08/2023,0
7237762711626,Tank Stripe Off White,TAN-123-M,239.00,10/08/2023,0
7237762711626,Tank Stripe Off White,TAN-123-P,239.00,10/08/2023,0
7237762941002,Tank Stripe Preto,TAN-125-G,239.00,10/08/2023,2
7237762941002,Tank Stripe Preto,TAN-125-M,239.00,10/08/2023,3
7237762941002,Tank Stripe Preto,TAN-125-P,239.00,10/08/2023,2
6756616011850,Top Apex Seamless Ash,TOP104,179.90,18/01/2022,0
6756616011850,Top Apex Seamless Ash,TOP103,179.90,18/01/2022,0
6756616011850,Top Apex Seamless Ash,TOP102,179.90,18/01/2022,0
6756615979082,Top Apex Seamless Coal,TOP120,179.90,18/01/2022,0
6756615979082,Top Apex Seamless Coal,TOP119,179.90,18/01/2022,0
6756615979082,Top Apex Seamless Coal,TOP118,179.90,18/01/2022,0
6756615913546,Top Apex Seamless Nickel,TOP116,179.90,18/01/2022,0
6756615913546,Top Apex Seamless Nickel,TOP115,179.90,18/01/2022,0
6756615913546,Top Apex Seamless Nickel,TOP114,179.90,18/01/2022,0
6756615848010,Top Apex Seamless Sky,TOP100,179.90,18/01/2022,0
6756615848010,Top Apex Seamless Sky,TOP99,179.90,18/01/2022,0
6756615848010,Top Apex Seamless Sky,TOP98,179.90,18/01/2022,0
6687223218250,Top Harmony Seamless Blue,TOP-HAR-BLU-G,152.92,28/07/2022,16
6687223218250,Top Harmony Seamless Blue,TOP-HAR-BLU-M,152.92,18/10/2021,12
6687223218250,Top Harmony Seamless Blue,TOP-HAR-BLU-P,152.92,18/10/2021,11
6687222825034,Top Harmony Seamless Pink,TOP237,152.92,28/07/2022,3
6687222825034,Top Harmony Seamless Pink,TOP-HAR-PIN-M,152.92,18/10/2021,2
6687222825034,Top Harmony Seamless Pink,TOP-HAR-PIN-P,152.92,18/10/2021,1
7416240668746,Top Heritage - Black&White,TOP-182-G,297.42,29/11/2023,1
7416240668746,Top Heritage - Black&White,TOP-182-M,297.42,29/11/2023,-1
7416240668746,Top Heritage - Black&White,TOP-182-P,297.42,29/11/2023,1
7416241029194,Top Heritage - White&Black,TOP-184-G,297.42,29/11/2023,0
7416241029194,Top Heritage - White&Black,TOP-184-M,297.42,29/11/2023,0
7416241029194,Top Heritage - White&Black,TOP-184-P,297.42,29/11/2023,0
7796737900618,Top Jockey Seamless Brown,TOP-570-G,289.00,25/09/2024,0
7796737900618,Top Jockey Seamless Brown,TOP-570-M,289.00,25/09/2024,0
7796737900618,Top Jockey Seamless Brown,TOP-570-P,289.00,25/09/2024,0
7796736426058,Top Jockey Seamless Dark Brown,TOP-567-G,289.00,25/09/2024,0
7796736426058,Top Jockey Seamless Dark Brown,TOP-567-M,289.00,25/09/2024,0
7796736426058,Top Jockey Seamless Dark Brown,TOP-567-P,289.00,25/09/2024,0
7447760765002,Top Jockey Seamless Jungle,TOP-387-G,289.00,16/01/2024,4
7447760765002,Top Jockey Seamless Jungle,TOP-387-M,289.00,16/01/2024,8
7447760765002,Top Jockey Seamless Jungle,TOP-387-P,289.00,16/01/2024,2
7397139841098,Top Jockey Seamless Phantom Blue,TOP-169-G,289.00,10/11/2023,3
7397139841098,Top Jockey Seamless Phantom Blue,TOP-169-M,289.00,10/11/2023,3
7397139841098,Top Jockey Seamless Phantom Blue,TOP-169-P,289.00,10/11/2023,5
7397141217354,Top Jockey Seamless Preto,TOP-170-G,289.00,10/11/2023,4
7397141217354,Top Jockey Seamless Preto,TOP-170-M,289.00,10/11/2023,15
7397141217354,Top Jockey Seamless Preto,TOP-170-P,289.00,10/11/2023,9
7495529627722,Top Moon Dust Seamless Dark Matter,TOP-424-G,279.00,07/03/2024,6
7495529627722,Top Moon Dust Seamless Dark Matter,TOP-424-M,279.00,07/03/2024,-1
7495529627722,Top Moon Dust Seamless Dark Matter,TOP-424-P,279.00,07/03/2024,4
7495529726026,Top Moon Dust Seamless Esmerald,TOP-425-G,279.00,07/03/2024,6
7495529726026,Top Moon Dust Seamless Esmerald,TOP-425-M,279.00,07/03/2024,1
7495529726026,Top Moon Dust Seamless Esmerald,TOP-425-P,279.00,07/03/2024,2
7495529758794,Top Moon Dust Seamless Nickel,TOP-426-G,279.00,07/03/2024,-1
7495529758794,Top Moon Dust Seamless Nickel,TOP-426-M,279.00,07/03/2024,1
7495529758794,Top Moon Dust Seamless Nickel,TOP-426-P,279.00,07/03/2024,1
7796720795722,Top Outsider Seamless Alaska blue,TOP-518-G,245.65,25/09/2024,0
7796720795722,Top Outsider Seamless Alaska blue,TOP-518-M,245.65,25/09/2024,0
7796720795722,Top Outsider Seamless Alaska blue,TOP-518-P,245.65,25/09/2024,0
6967005118538,Top Outsider Seamless Azul de Lyons,TOP276,245.65,08/09/2022,0
6967005118538,Top Outsider Seamless Azul de Lyons,TOP275,245.65,08/09/2022,5
6967005118538,Top Outsider Seamless Azul de Lyons,TOP274,245.65,08/09/2022,1
6946026913866,Top Outsider Seamless Azul Marinho,TOP260,289.00,17/08/2022,1
6946026913866,Top Outsider Seamless Azul Marinho,TOP259,289.00,17/08/2022,-1
6946026913866,Top Outsider Seamless Azul Marinho,TOP258,289.00,17/08/2022,6
7459360538698,Top Outsider Seamless Brown,TOP-391-G,289.00,24/01/2024,0
7459360538698,Top Outsider Seamless Brown,TOP-391-M,289.00,24/01/2024,2
7459360538698,Top Outsider Seamless Brown,TOP-391-P,289.00,24/01/2024,0
,,25405327001774,,25/09/2024,0
7770143883338,Top Outsider Seamless Cayena,TOP-490-G,289.00,09/08/2024,0
7770143883338,Top Outsider Seamless Cayena,TOP-490-M,289.00,09/08/2024,0
7770143883338,Top Outsider Seamless Cayena,TOP-490-P,289.00,09/08/2024,-1
7459360440394,Top Outsider Seamless Dark Brown,TOP-390-G,289.00,24/01/2024,-1
7459360440394,Top Outsider Seamless Dark Brown,TOP-390-M,289.00,24/01/2024,9
7459360440394,Top Outsider Seamless Dark Brown,TOP-390-P,289.00,24/01/2024,4
7796721156170,Top Outsider Seamless Dark Grey,TOP-521-G,245.65,25/09/2024,0
7796721156170,Top Outsider Seamless Dark Grey,TOP-521-M,245.65,25/09/2024,0
7796721156170,Top Outsider Seamless Dark Grey,TOP-521-P,245.65,25/09/2024,0
6967005151306,Top Outsider Seamless Golden Skin,TOP292,245.65,08/09/2022,1
6967005151306,Top Outsider Seamless Golden Skin,TOP291,245.65,08/09/2022,4
6967005151306,Top Outsider Seamless Golden Skin,TOP290,245.65,08/09/2022,5
6910076256330,Top Outsider Seamless Hortencia,TOP223,289.00,06/07/2022,1
6910076256330,Top Outsider Seamless Hortencia,TOP222,289.00,06/07/2022,4
6910076256330,Top Outsider Seamless Hortencia,TOP221,289.00,06/07/2022,4
6946026979402,Top Outsider Seamless Jungle,TOP252,289.00,17/08/2022,-1
6946026979402,Top Outsider Seamless Jungle,TOP251,289.00,17/08/2022,0
6946026979402,Top Outsider Seamless Jungle,TOP250,289.00,17/08/2022,-1
6892867747914,Top Outsider Seamless Lavinia,TOP182,289.00,15/06/2022,0
6892867747914,Top Outsider Seamless Lavinia,TOP181,289.00,15/06/2022,1
6892867747914,Top Outsider Seamless Lavinia,TOP180,289.00,15/06/2022,2
6978390491210,Top Outsider Seamless Magno,TOP207,289.00,21/09/2022,2
6978390491210,Top Outsider Seamless Magno,TOP206,289.00,21/09/2022,15
6978390491210,Top Outsider Seamless Magno,TOP205,289.00,21/09/2022,16
6892867813450,Top Outsider Seamless Nude,TOP190,289.00,15/06/2022,5
6892867813450,Top Outsider Seamless Nude,TOP189,289.00,15/06/2022,11
6892867813450,Top Outsider Seamless Nude,TOP188,289.00,15/06/2022,8
6910076321866,Top Outsider Seamless Off White,TOP199,289.00,06/07/2022,2
6910076321866,Top Outsider Seamless Off White,TOP198,289.00,06/07/2022,8
6910076321866,Top Outsider Seamless Off White,TOP197,289.00,06/07/2022,4
7796721025098,Top Outsider Seamless Pickled beet,TOP-520-G,245.65,25/09/2024,0
7796721025098,Top Outsider Seamless Pickled beet,TOP-520-M,245.65,25/09/2024,0
7796721025098,Top Outsider Seamless Pickled beet,TOP-520-P,245.65,25/09/2024,0
6967005184074,Top Outsider Seamless Pistache,TOP284,245.65,08/09/2022,12
6967005184074,Top Outsider Seamless Pistache,TOP283,245.65,08/09/2022,21
6967005184074,Top Outsider Seamless Pistache,TOP282,245.65,08/09/2022,24
6946027143242,Top Outsider Seamless Preto,TOP244,289.00,17/08/2022,1
6946027143242,Top Outsider Seamless Preto,TOP243,289.00,17/08/2022,1
6946027143242,Top Outsider Seamless Preto,TOP242,289.00,17/08/2022,2
7396018389066,Top Outsider Seamless Rockefeller,TOP-165-G,289.00,09/11/2023,0
7396018389066,Top Outsider Seamless Rockefeller,TOP-165-M,289.00,09/11/2023,-2
7396018389066,Top Outsider Seamless Rockefeller,TOP-165-P,289.00,09/11/2023,3
6946027176010,Top Outsider Seamless Roze,TOP268,245.65,17/08/2022,1
6946027176010,Top Outsider Seamless Roze,TOP267,245.65,17/08/2022,1
6946027176010,Top Outsider Seamless Roze,TOP266,245.65,17/08/2022,2
7396018683978,Top Outsider Seamless Soprus,TOP-166-G,245.65,09/11/2023,0
7396018683978,Top Outsider Seamless Soprus,TOP-166-M,245.65,09/11/2023,0
7396018683978,Top Outsider Seamless Soprus,TOP-166-P,245.65,09/11/2023,2
6967005085770,Top Outsider Seamless Spicy,TOP300,245.65,08/09/2022,0
6967005085770,Top Outsider Seamless Spicy,TOP299,245.65,08/09/2022,0
6967005085770,Top Outsider Seamless Spicy,TOP298,245.65,08/09/2022,0
7396018257994,Top Outsider Seamless Vintage,TOP-168-G,245.65,09/11/2023,0
7396018257994,Top Outsider Seamless Vintage,TOP-168-M,245.65,09/11/2023,1
7396018257994,Top Outsider Seamless Vintage,TOP-168-P,245.65,09/11/2023,1
7495530086474,Top Print Seamless Cinnamon Caramel,TOP-428-G,228.65,07/03/2024,5
7495530086474,Top Print Seamless Cinnamon Caramel,TOP-428-M,228.65,07/03/2024,2
7495530086474,Top Print Seamless Cinnamon Caramel,TOP-428-P,228.65,07/03/2024,3
7495529922634,Top Print Seamless Grey Coffee,TOP-427-G,269.00,07/03/2024,10
7495529922634,Top Print Seamless Grey Coffee,TOP-427-M,269.00,07/03/2024,20
7495529922634,Top Print Seamless Grey Coffee,TOP-427-P,269.00,07/03/2024,20
7055138717770,Top Pure Seamless Alecrim,top-pur-ale-g,289.00,19/12/2022,12
7055138717770,Top Pure Seamless Alecrim,top-pur-ale-m,289.00,19/12/2022,9
7055138717770,Top Pure Seamless Alecrim,top-pur-ale-p,289.00,19/12/2022,7
7254944579658,Top Pure Seamless Azul Iznik,TOP-137-G,245.65,30/08/2023,1
7254944579658,Top Pure Seamless Azul Iznik,TOP-137-M,245.65,30/08/2023,0
7254944579658,Top Pure Seamless Azul Iznik,TOP-137-P,245.65,30/08/2023,0
7796728201290,Top Pure Seamless Brown,TOP-551-G,289.00,25/09/2024,0
7796728201290,Top Pure Seamless Brown,TOP-551-M,289.00,25/09/2024,0
7796728201290,Top Pure Seamless Brown,TOP-550-P,289.00,25/09/2024,0
7497520152650,Top Pure Seamless Cherry,TOP-442-G,289.00,08/03/2024,3
7497520152650,Top Pure Seamless Cherry,TOP-442-M,289.00,08/03/2024,0
7497520152650,Top Pure Seamless Cherry,TOP-442-P,289.00,08/03/2024,0
6856167948362,Top Pure Seamless Coffee,TOP140,289.00,05/05/2022,4
6856167948362,Top Pure Seamless Coffee,TOP139,289.00,05/05/2022,11
6856167948362,Top Pure Seamless Coffee,TOP138,289.00,05/05/2022,15
7796724006986,Top Pure Seamless Coronet Blue,TOP-529-G,289.00,25/09/2024,0
7796724006986,Top Pure Seamless Coronet Blue,TOP-529-M,289.00,25/09/2024,0
7796724006986,Top Pure Seamless Coronet Blue,TOP-529-P,289.00,25/09/2024,0
7796732461130,Top Pure Seamless Dark Brown,TOP-556-G,289.00,25/09/2024,0
7796732461130,Top Pure Seamless Dark Brown,TOP-556-M,289.00,25/09/2024,0
7796732461130,Top Pure Seamless Dark Brown,TOP-555-P,289.00,25/09/2024,0
7378796511306,Top Pure Seamless Figo,TOP-151-G,289.00,01/11/2023,7
7378796511306,Top Pure Seamless Figo,TOP-151-M,289.00,01/11/2023,2
7378796511306,Top Pure Seamless Figo,TOP-151-P,289.00,01/11/2023,1
7065569624138,Top Pure Seamless Ginger,top-pur-gin-g,245.65,24/01/2023,10
7065569624138,Top Pure Seamless Ginger,top-pur-gin-m,245.65,24/01/2023,22
7065569624138,Top Pure Seamless Ginger,top-pur-gin-p,245.65,24/01/2023,11
7378797330506,Top Pure Seamless Grafeno,TOP-152-G,289.00,01/11/2023,4
7378797330506,Top Pure Seamless Grafeno,TOP-152-M,289.00,01/11/2023,0
7378797330506,Top Pure Seamless Grafeno,TOP-152-P,289.00,01/11/2023,3
7796724498506,Top Pure Seamless Gray Violet,TOP-534-G,289.00,25/09/2024,0
7796724498506,Top Pure Seamless Gray Violet,TOP-533-M,289.00,25/09/2024,0
7796724498506,Top Pure Seamless Gray Violet,TOP-533-P,289.00,25/09/2024,0
6856167096394,Top Pure Seamless Jade,TOP124,289.00,05/05/2022,1
6856167096394,Top Pure Seamless Jade,TOP123,289.00,05/05/2022,1
6856167096394,Top Pure Seamless Jade,TOP122,289.00,05/05/2022,4
6710315647050,Top Pure Seamless Jungle,TOP-PUR-JUN-G,289.00,17/11/2021,0
6710315647050,Top Pure Seamless Jungle,TOP-PUR-JUN-M,289.00,17/11/2021,0
6710315647050,Top Pure Seamless Jungle,TOP-PUR-JUN-P,289.00,17/11/2021,-1
7045748949066,Top Pure Seamless Laranja Bahia,top-pur-bah-g,245.65,06/12/2022,1
7045748949066,Top Pure Seamless Laranja Bahia,top-pur-bah-m,245.65,06/12/2022,3
7045748949066,Top Pure Seamless Laranja Bahia,top-pur-bah-p,245.65,06/12/2022,2
7254944710730,Top Pure Seamless Lilac,TOP-138-G,289.00,30/08/2023,2
7254944710730,Top Pure Seamless Lilac,TOP-138-M,289.00,30/08/2023,2
7254944710730,Top Pure Seamless Lilac,TOP-138-P,289.00,30/08/2023,1
7796727283786,Top Pure Seamless Misty Rose,TOP-547-G,289.00,25/09/2024,0
7796727283786,Top Pure Seamless Misty Rose,TOP-546-M,289.00,25/09/2024,0
7796727283786,Top Pure Seamless Misty Rose,TOP-546-P,289.00,25/09/2024,0
7497520414794,Top Pure Seamless Mulberry,TOP-443-G,289.00,08/03/2024,3
7497520414794,Top Pure Seamless Mulberry,TOP-443-M,289.00,08/03/2024,3
7497520414794,Top Pure Seamless Mulberry,TOP-443-P,289.00,08/03/2024,7
6856167522378,Top Pure Seamless Nickel,TOP132,245.65,05/05/2022,0
6856167522378,Top Pure Seamless Nickel,TOP131,245.65,05/05/2022,2
6856167522378,Top Pure Seamless Nickel,TOP130,245.65,05/05/2022,0
7254944448586,Top Pure Seamless Oak,TOP-136-G,289.00,30/08/2023,0
7254944448586,Top Pure Seamless Oak,TOP-136-M,289.00,30/08/2023,0
7254944448586,Top Pure Seamless Oak,TOP-136-P,289.00,30/08/2023,4
7055137275978,Top Pure Seamless Oceano,top-pur-oce-g,289.00,19/12/2022,5
7055137275978,Top Pure Seamless Oceano,top-pur-oce-m,289.00,19/12/2022,1
7055137275978,Top Pure Seamless Oceano,top-pur-oce-p,289.00,19/12/2022,5
6856168243274,Top Pure Seamless Pancake,TOP148,289.00,05/05/2022,8
6856168243274,Top Pure Seamless Pancake,TOP147,289.00,05/05/2022,4
6856168243274,Top Pure Seamless Pancake,TOP146,289.00,05/05/2022,3
6687221841994,Top Pure Seamless Preto,TOP-PUR-PRE-G,289.00,03/11/2021,40
,,top-pur-pre-gg,,25/09/2024,0
6687221841994,Top Pure Seamless Preto,TOP-PUR-PRE-M,289.00,18/10/2021,31
6687221841994,Top Pure Seamless Preto,TOP-PUR-PRE-P,289.00,18/10/2021,24
7045754159178,Top Pure Seamless Retro,top-pur-ret-g,245.65,06/12/2022,2
7045754159178,Top Pure Seamless Retro,top-pur-ret-m,245.65,06/12/2022,1
7045754159178,Top Pure Seamless Retro,top-pur-ret-p,245.65,06/12/2022,1
6856169390154,Top Pure Seamless Roze,TOP156,289.00,05/05/2022,2
,,TOP-PUR-ROZ-GG,,25/09/2024,2
6856169390154,Top Pure Seamless Roze,TOP155,289.00,05/05/2022,7
6856169390154,Top Pure Seamless Roze,TOP154,289.00,05/05/2022,9
6856169848906,Top Pure Seamless Sea,TOP164,245.65,05/05/2022,0
6856169848906,Top Pure Seamless Sea,TOP163,245.65,05/05/2022,0
6856169848906,Top Pure Seamless Sea,TOP162,245.65,05/05/2022,0
7796725940298,Top Pure Seamless Shark,TOP-542-G,289.00,25/09/2024,0
7796725940298,Top Pure Seamless Shark,TOP-542-M,289.00,25/09/2024,0
7796725940298,Top Pure Seamless Shark,TOP-542-P,289.00,25/09/2024,0
7045768446026,Top Pure Seamless Spicy,top-pur-spi-g,245.65,06/12/2022,0
7045768446026,Top Pure Seamless Spicy,top-pur-spi-m,245.65,06/12/2022,0
7045768446026,Top Pure Seamless Spicy,top-pur-spi-p,245.65,06/12/2022,0
7067201044554,Top Pure Seamless Valência,top-pur-val-g,289.00,31/01/2023,0
7067201044554,Top Pure Seamless Valência,top-pur-val-m,289.00,31/01/2023,-1
7067201044554,Top Pure Seamless Valência,top-pur-val-p,289.00,31/01/2023,0
7796725088330,Top Pure Seamless Winery,TOP-539-G,289.00,25/09/2024,0
7796725088330,Top Pure Seamless Winery,TOP-538-M,289.00,25/09/2024,0
7796725088330,Top Pure Seamless Winery,TOP-538-P,289.00,25/09/2024,0
7796739014730,Top Signature Seamless Amphora,TOP-582-G,289.00,25/09/2024,0
7796739014730,Top Signature Seamless Amphora,TOP-582-M,289.00,25/09/2024,0
7796739014730,Top Signature Seamless Amphora,TOP-582-P,289.00,25/09/2024,0
7396015636554,Top Signature Seamless Astral,TOP-156-G,289.00,09/11/2023,2
7396015636554,Top Signature Seamless Astral,TOP-156-M,289.00,09/11/2023,2
7396015636554,Top Signature Seamless Astral,TOP-156-P,289.00,09/11/2023,2
7001211797578,Top Signature Seamless Azul Marinho,top-sig-azu-g,289.00,13/10/2022,12
7001211797578,Top Signature Seamless Azul Marinho,top-sig-azu-m,289.00,13/10/2022,0
7001211797578,Top Signature Seamless Azul Marinho,top-sig-azu-p,289.00,13/10/2022,2
7796738687050,Top Signature Seamless Brown,TOP-578-G,289.00,25/09/2024,0
7796738687050,Top Signature Seamless Brown,TOP-578-M,289.00,25/09/2024,0
7796738687050,Top Signature Seamless Brown,TOP-578-P,289.00,25/09/2024,0
7001211863114,Top Signature Seamless Celeste,top-sig-cel-g,289.00,13/10/2022,1
7001211863114,Top Signature Seamless Celeste,top-sig-cel-m,289.00,13/10/2022,6
7001211863114,Top Signature Seamless Celeste,top-sig-cel-p,289.00,13/10/2022,0
7796738326602,Top Signature Seamless Dark Brown,TOP-574-G,289.00,25/09/2024,0
7796738326602,Top Signature Seamless Dark Brown,TOP-574-M,289.00,25/09/2024,0
7796738326602,Top Signature Seamless Dark Brown,TOP-573-P,289.00,25/09/2024,0
7497518317642,Top Signature Seamless Dark Grey,TOP-439-G,289.00,08/03/2024,0
7497518317642,Top Signature Seamless Dark Grey,TOP-439-M,289.00,08/03/2024,0
7497518317642,Top Signature Seamless Dark Grey,TOP-439-P,289.00,08/03/2024,0
7001211961418,Top Signature Seamless Florence,top-sig-flo-g,245.65,13/10/2022,2
7001211961418,Top Signature Seamless Florence,top-sig-flo-m,245.65,13/10/2022,4
7001211961418,Top Signature Seamless Florence,top-sig-flo-p,245.65,13/10/2022,2
7776605503562,Top Signature Seamless Frozen,TOP-508-G,289.00,22/08/2024,0
7776605503562,Top Signature Seamless Frozen,TOP-507-M,289.00,22/08/2024,0
7776605503562,Top Signature Seamless Frozen,TOP-507-P,289.00,22/08/2024,-1
7001211895882,Top Signature Seamless Fucsia,top-sig-fes-g,289.00,13/10/2022,2
7001211895882,Top Signature Seamless Fucsia,top-sig-fes-m,289.00,13/10/2022,0
7001211895882,Top Signature Seamless Fucsia,top-sig-fes-p,289.00,13/10/2022,-1
7396015505482,Top Signature Seamless Jambo,TOP-167-G,289.00,09/11/2023,11
7396015505482,Top Signature Seamless Jambo,TOP-167-M,289.00,09/11/2023,8
7396015505482,Top Signature Seamless Jambo,TOP-167-P,289.00,09/11/2023,0
7001212026954,Top Signature Seamless Jungle,top-sig-jun-g,289.00,13/10/2022,-1
7001212026954,Top Signature Seamless Jungle,top-sig-jun-m,289.00,13/10/2022,0
7001212026954,Top Signature Seamless Jungle,top-sig-jun-p,289.00,13/10/2022,0
7001211830346,Top Signature Seamless Laranja Bahia,top-sig-bah-g,245.65,13/10/2022,3
7001211830346,Top Signature Seamless Laranja Bahia,top-sig-bah-m,245.65,13/10/2022,4
7001211830346,Top Signature Seamless Laranja Bahia,top-sig-bah-p,245.65,13/10/2022,4
7497517465674,Top Signature Seamless Morning Sky,TOP-438-G,289.00,08/03/2024,1
7497517465674,Top Signature Seamless Morning Sky,TOP-438-M,289.00,08/03/2024,-1
7497517465674,Top Signature Seamless Morning Sky,TOP-438-P,289.00,08/03/2024,1
7208086536266,Top Signature Seamless Off White,TOP-SIG-OFF-G,289.00,07/07/2023,0
7208086536266,Top Signature Seamless Off White,TOP-SIG-OFF-M,289.00,07/07/2023,11
7208086536266,Top Signature Seamless Off White,TOP-SIG-OFF-P,289.00,07/07/2023,6
7796739342410,Top Signature Seamless Pink Lemonade,TOP-586-G,289.00,25/09/2024,0
7796739342410,Top Signature Seamless Pink Lemonade,TOP-586-M,289.00,25/09/2024,0
7796739342410,Top Signature Seamless Pink Lemonade,TOP-586-P,289.00,25/09/2024,0
7208085356618,Top Signature Seamless Pistache,TOP-SIG-PIS-G,245.65,07/07/2023,2
7208085356618,Top Signature Seamless Pistache,TOP-SIG-PIS-M,245.65,07/07/2023,2
7208085356618,Top Signature Seamless Pistache,TOP-SIG-PIS-P,245.65,07/07/2023,0
7001212387402,Top Signature Seamless Preto,top-sig-pre-g,289.00,13/10/2022,14
7001212387402,Top Signature Seamless Preto,top-sig-pre-m,289.00,13/10/2022,24
7001212387402,Top Signature Seamless Preto,top-sig-pre-p,289.00,13/10/2022,9
7001212518474,Top Signature Seamless Rambla,top-sig-ram-g,245.65,13/10/2022,0
7001212518474,Top Signature Seamless Rambla,top-sig-ram-m,245.65,13/10/2022,3
7001212518474,Top Signature Seamless Rambla,top-sig-ram-p,245.65,13/10/2022,0
,,25405327001802,,25/09/2024,0
,,TOP-494-G,,25/09/2024,0
,,TOP-494-M,,25/09/2024,0
,,TOP-494-P,,25/09/2024,0
7001212223562,Top Signature Seamless Vermelho,top-sig-mac-g,289.00,13/10/2022,0
7001212223562,Top Signature Seamless Vermelho,top-sig-mac-m,289.00,13/10/2022,0
7001212223562,Top Signature Seamless Vermelho,top-sig-mac-p,289.00,13/10/2022,0
7796741505098,Top Signature Seamless Vineyard Wine,TOP-590-G,289.00,25/09/2024,0
7796741505098,Top Signature Seamless Vineyard Wine,TOP-589-M,289.00,25/09/2024,0
7796741505098,Top Signature Seamless Vineyard Wine,TOP-589-P,289.00,25/09/2024,0
7338889707594,Top Stripe Seamless Black&White,TOP-147-G,319.00,06/10/2023,5
7338889707594,Top Stripe Seamless Black&White,TOP-147-M,319.00,06/10/2023,0
7338889707594,Top Stripe Seamless Black&White,TOP-147-P,319.00,06/10/2023,1
7459364372554,Top Stripe Seamless Brown Nude,TOP-396-G,319.00,24/01/2024,3
7459364372554,Top Stripe Seamless Brown Nude,TOP-396-M,319.00,24/01/2024,1
7459364372554,Top Stripe Seamless Brown Nude,TOP-396-P,319.00,24/01/2024,0
7774610030666,Top Stripe Seamless Explorer,TOP-501-G,319.00,16/08/2024,0
7774610030666,Top Stripe Seamless Explorer,TOP-501-M,319.00,16/08/2024,0
7774610030666,Top Stripe Seamless Explorer,TOP-501-P,319.00,16/08/2024,0
7796734328906,Top Stripe Seamless Gray Violet,TOP-564-G,319.00,25/09/2024,0
7796734328906,Top Stripe Seamless Gray Violet,TOP-564-M,319.00,25/09/2024,0
7796734328906,Top Stripe Seamless Gray Violet,TOP-564-P,319.00,25/09/2024,0
,,25405327001778,,25/09/2024,0
7770143359050,Top Stripe Seamless Grey,TOP-488-G,319.00,09/08/2024,0
7770143359050,Top Stripe Seamless Grey,TOP-488-M,319.00,09/08/2024,-4
7770143359050,Top Stripe Seamless Grey,TOP-488-P,319.00,09/08/2024,-1
7331633004618,Top Stripe Seamless Off White,TOP-145-G,319.00,28/09/2023,1
7331633004618,Top Stripe Seamless Off White,TOP-145-M,319.00,28/09/2023,9
7331633004618,Top Stripe Seamless Off White,TOP-145-P,319.00,28/09/2023,1
7796732985418,Top Stripe Seamless Phantom Blue,TOP-559-G,319.00,25/09/2024,0
7796732985418,Top Stripe Seamless Phantom Blue,TOP-559-M,319.00,25/09/2024,0
7796732985418,Top Stripe Seamless Phantom Blue,TOP-559-P,319.00,25/09/2024,0
7331632840778,Top Stripe Seamless Preto,TOP-144-G,319.00,28/09/2023,10
7331632840778,Top Stripe Seamless Preto,TOP-144-M,319.00,28/09/2023,14
7331632840778,Top Stripe Seamless Preto,TOP-144-P,319.00,28/09/2023,12
7459364503626,Top Stripe Seamless Red Oak,TOP-397-G,319.00,24/01/2024,1
7459364503626,Top Stripe Seamless Red Oak,TOP-397-M,319.00,24/01/2024,1
7459364503626,Top Stripe Seamless Red Oak,TOP-397-P,319.00,24/01/2024,1
7416239423562,Top Summer Dust - Bronze Tan,TOP-178-G,220.15,29/11/2023,0
7416239423562,Top Summer Dust - Bronze Tan,TOP-178-M,220.15,29/11/2023,0
7416239423562,Top Summer Dust - Bronze Tan,TOP-178-P,220.15,29/11/2023,5
7416240013386,Top Summer Dust - Golden Tan,TOP-180-G,220.15,29/11/2023,0
7416240013386,Top Summer Dust - Golden Tan,TOP-180-M,220.15,29/11/2023,0
7416240013386,Top Summer Dust - Golden Tan,TOP-180-P,220.15,29/11/2023,0
7416234639434,Top Summer Dust - Onix,TOP-174-G,220.15,29/11/2023,1
7416234639434,Top Summer Dust - Onix,TOP-174-M,220.15,29/11/2023,2
7416234639434,Top Summer Dust - Onix,TOP-174-P,220.15,29/11/2023,0
7416235720778,Top Summer Dust - Pearls,TOP-359-G,220.15,29/11/2023,1
7416235720778,Top Summer Dust - Pearls,TOP-359-M,220.15,29/11/2023,3
7416235720778,Top Summer Dust - Pearls,TOP-359-P,220.15,29/11/2023,1
6687221612618,Top Track Seamless Cinza Claro,TOP193,152.92,28/07/2022,4
6687221612618,Top Track Seamless Cinza Claro,TOP-TRA-CCL-M,152.92,18/10/2021,7
6687221612618,Top Track Seamless Cinza Claro,TOP-TRA-CCL-P,152.92,18/10/2021,8
6687221743690,Top Track Seamless Cinza Escuro,TOP194,152.92,28/07/2022,0
6687221743690,Top Track Seamless Cinza Escuro,TOP-TRA-CES-M,152.92,18/10/2021,5
6687221743690,Top Track Seamless Cinza Escuro,TOP-TRA-CES-P,152.92,18/10/2021,5
,,25405327001831,,25/09/2024,0
,,25405327001829,,25/09/2024,0
,,25405327001833,,25/09/2024,0
,,25405327001820,,25/09/2024,0
,,25405327001811,,25/09/2024,0
,,25405327001812,,25/09/2024,0
,,25405327001821,,25/09/2024,0
,,CRO-131-G,,25/09/2024,0
,,CRO-131-M,,25/09/2024,0
,,CRO-131-P,,25/09/2024,0
,,25405327001830,,25/09/2024,0
,,25405327001832,,25/09/2024,0
,,25405327001834,,25/09/2024,0
,,25405327001835,,25/09/2024,0
,,25405327001836,,25/09/2024,0
,,25405327001837,,25/09/2024,0
,,25405327001813,,25/09/2024,0
,,25405327001822,,25/09/2024,0
,,25405327001840,,25/09/2024,0
,,25405327001841,,25/09/2024,0
,,25405327001842,,25/09/2024,0
,,25405327001843,,25/09/2024,0
,,25405327001844,,25/09/2024,0
,,25405327001845,,25/09/2024,0
,,25405327001846,,25/09/2024,0
,,25405327001847,,25/09/2024,0
,,25405327001848,,25/09/2024,0
,,25405327001849,,25/09/2024,0
,,25405327001850,,25/09/2024,0
,,25405327001851,,25/09/2024,0
,,25405327001852,,25/09/2024,0
,,25405327001853,,25/09/2024,0
,,25405327001893,,25/09/2024,0
,,25405327001814,,25/09/2024,0
,,25405327001823,,25/09/2024,0
,,25405327001854,,25/09/2024,0
,,25405327001855,,25/09/2024,0
,,25405327001815,,25/09/2024,0
,,25405327001824,,25/09/2024,0
,,25405327001856,,25/09/2024,0
,,25405327001857,,25/09/2024,0
,,25405327001858,,25/09/2024,0
,,25405327001859,,25/09/2024,0
,,25405327001860,,25/09/2024,0
,,25405327001861,,25/09/2024,0
,,25405327001862,,25/09/2024,0
,,25405327001863,,25/09/2024,0
,,25405327001894,,25/09/2024,0
,,25405327001864,,25/09/2024,0
,,25405327001865,,25/09/2024,0
,,25405327001866,,25/09/2024,0
,,25405327001867,,25/09/2024,0
,,25405327001868,,25/09/2024,0
,,25405327001869,,25/09/2024,0
,,25405327001870,,25/09/2024,0
,,25405327001871,,25/09/2024,0
,,25405327001816,,25/09/2024,0
,,25405327001825,,25/09/2024,0
,,25405327001872,,25/09/2024,0
,,25405327001873,,25/09/2024,0
,,25405327001817,,25/09/2024,0
,,25405327001826,,25/09/2024,0
,,25405327001895,,25/09/2024,0
,,25405327001874,,25/09/2024,0
,,25405327001875,,25/09/2024,0
,,25405327001876,,25/09/2024,0
,,25405327001877,,25/09/2024,0
,,25405327001878,,25/09/2024,0
,,25405327001879,,25/09/2024,0
,,25405327001880,,25/09/2024,0
,,25405327001881,,25/09/2024,0
,,25405327001882,,25/09/2024,0
,,25405327001883,,25/09/2024,0
,,25405327001896,,25/09/2024,0
,,25405327001884,,25/09/2024,0
,,25405327001885,,25/09/2024,0
,,25405327001886,,25/09/2024,0
,,25405327001887,,25/09/2024,0
,,25405327001888,,25/09/2024,0
,,25405327001818,,25/09/2024,0
,,25405327001827,,25/09/2024,0
,,25405327001889,,25/09/2024,0
,,25405327001890,,25/09/2024,0
,,25405327001819,,25/09/2024,0
,,25405327001828,,25/09/2024,0
,,25405327001891,,25/09/2024,0
,,25405327001892,,25/09/2024,0
7802843103306,Meia Chase Low Preto,MEI-591-UN,69.00,07/10/2024,0
7802843201610,Meia Chase Low Branco,MEI-592-UN,69.00,07/10/2024,0
7804995993674,Legging Stripe Seamless Butter,LEG-594-G,389.00,10/10/2024,0
7804995993674,Legging Stripe Seamless Butter,LEG-593-M,389.00,10/10/2024,0
7804995993674,Legging Stripe Seamless Butter,LEG-593-P,389.00,10/10/2024,0
7807863291978,Meia Chase Classic White&Gray,MEI-597-UN,69.00,20/10/2024,0
7804996059210,Short Stripe Seamless Butter,SHO-595-G,319.00,10/10/2024,0
7804996059210,Short Stripe Seamless Butter,SHO-595-M,319.00,10/10/2024,0
7804996059210,Short Stripe Seamless Butter,SHO-595-P,319.00,10/10/2024,0
7804996190282,Top Stripe Seamless Butter,TOP-596-G,319.00,10/10/2024,0
7804996190282,Top Stripe Seamless Butter,TOP-596-M,319.00,10/10/2024,0
7804996190282,Top Stripe Seamless Butter,TOP-596-P,319.00,10/10/2024,0
7819186896970,Legging Outsider Seamless Brownish,LEG-604-G,349.00,07/11/2024,0
7819186896970,Legging Outsider Seamless Brownish,LEG-604-M,349.00,07/11/2024,0
7819186896970,Legging Outsider Seamless Brownish,LEG-604-P,349.00,07/11/2024,0
7819186831434,Legging Outsider Seamless Middle Brown,LEG-603-G,349.00,07/11/2024,0
7819186831434,Legging Outsider Seamless Middle Brown,LEG-603-M,349.00,07/11/2024,0
7819186831434,Legging Outsider Seamless Middle Brown,LEG-603-P,349.00,07/11/2024,0
7819257151562,Legging Outsider Seamless Nude Wheat,LEG-606-G,349.00,07/11/2024,0
7819257151562,Legging Outsider Seamless Nude Wheat,LEG-606-M,349.00,07/11/2024,0
7819257151562,Legging Outsider Seamless Nude Wheat,LEG-606-P,349.00,07/11/2024,0
7819247321162,Short Outsider Seamless Middle Brown,SHO-605-G,289.00,07/11/2024,0
7819247321162,Short Outsider Seamless Middle Brown,SHO-605-M,289.00,07/11/2024,0
7819247321162,Short Outsider Seamless Middle Brown,SHO-605-P,289.00,07/11/2024,0
7819257348170,Short Outsider Seamless Nude Wheat,SHO-608-G,289.00,07/11/2024,0
7819257348170,Short Outsider Seamless Nude Wheat,SHO-608-M,289.00,07/11/2024,0
7819257348170,Short Outsider Seamless Nude Wheat,SHO-608-P,289.00,07/11/2024,0
7819185979466,Top Outsider Seamless Brownish,TOP-601-G,289.00,07/11/2024,0
7819185979466,Top Outsider Seamless Brownish,TOP-600-M,289.00,07/11/2024,0
7819185979466,Top Outsider Seamless Brownish,TOP-600-P,289.00,07/11/2024,0
7819186274378,Top Outsider Seamless Middle Brown,TOP-602-G,289.00,07/11/2024,0
7819186274378,Top Outsider Seamless Middle Brown,TOP-602-M,289.00,07/11/2024,0
7819186274378,Top Outsider Seamless Middle Brown,TOP-602-P,289.00,07/11/2024,0
7819257249866,Top Outsider Seamless Nude Wheat,TOP-607-G,289.00,07/11/2024,0
7819257249866,Top Outsider Seamless Nude Wheat,TOP-607-M,289.00,07/11/2024,0
7819257249866,Top Outsider Seamless Nude Wheat,TOP-607-P,289.00,07/11/2024,0
7822772437066,Short Outsider Seamless Brownish,SHO-609-P,289.00,12/11/2024,0
7822772437066,Short Outsider Seamless Brownish,SHO-609-M,289.00,12/11/2024,0
7822772437066,Short Outsider Seamless Brownish,SHO-610-G,289.00,12/11/2024,0
7838657118282,DustBag 55x45,DUS-611,0.00,29/11/2024,0
7849598353482,Chaser Shorts Black,CHA-633-G,299.00,10/12/2024,0
7849598353482,Chaser Shorts Black,CHA-633-M,299.00,10/12/2024,0
7849598353482,Chaser Shorts Black,CHA-633-P,299.00,10/12/2024,0
7849598386250,Chaser Shorts Grey,CHA-634-G,299.00,10/12/2024,0
7849598386250,Chaser Shorts Grey,CHA-634-M,299.00,10/12/2024,0
7849598386250,Chaser Shorts Grey,CHA-634-P,299.00,10/12/2024,0
7849598419018,Chaser Shorts Mocha,CHA-635-G,299.00,10/12/2024,0
7849598419018,Chaser Shorts Mocha,CHA-635-M,299.00,10/12/2024,0
7849598419018,Chaser Shorts Mocha,CHA-635-P,299.00,10/12/2024,0
7849597632586,Jacket Zip Black,JAC-623-G,299.00,10/12/2024,0
7849597632586,Jacket Zip Black,JAC-623-M,299.00,10/12/2024,0
7849597632586,Jacket Zip Black,JAC-623-P,299.00,10/12/2024,0
7849597698122,Jacket Zip Off White,JAC-624-G,299.00,10/12/2024,0
7849597698122,Jacket Zip Off White,JAC-624-M,299.00,10/12/2024,0
7849597698122,Jacket Zip Off White,JAC-624-P,299.00,10/12/2024,0
7849598484554,Low Key Polo Black,LOW-636-G,299.00,10/12/2024,0
7849598484554,Low Key Polo Black,LOW-636-M,299.00,10/12/2024,0
7849598484554,Low Key Polo Black,LOW-636-P,299.00,10/12/2024,0
7849598517322,Low Key Polo Off White,LOW-637-G,299.00,10/12/2024,0
7849598517322,Low Key Polo Off White,LOW-637-M,299.00,10/12/2024,0
7849598517322,Low Key Polo Off White,LOW-637-P,299.00,10/12/2024,0
7849597567050,Low key Pullover Black,LOW-621-G,299.00,10/12/2024,0
7849597567050,Low key Pullover Black,LOW-621-M,299.00,10/12/2024,0
7849597567050,Low key Pullover Black,LOW-621-P,299.00,10/12/2024,0
7849597599818,Low key Pullover Off White,LOW-622-G,299.00,10/12/2024,0
7849597599818,Low key Pullover Off White,LOW-622-M,299.00,10/12/2024,0
7849597599818,Low key Pullover Off White,LOW-622-P,299.00,10/12/2024,0
7849597763658,Low key Shorts Black,LOW-625-G,299.00,10/12/2024,0
7849597763658,Low key Shorts Black,LOW-625-M,299.00,10/12/2024,0
7849597763658,Low key Shorts Black,LOW-625-P,299.00,10/12/2024,0
7849597927498,Low key Shorts Light Blue,LOW-627-G,299.00,10/12/2024,0
7849597927498,Low key Shorts Light Blue,LOW-627-M,299.00,10/12/2024,0
7849597927498,Low key Shorts Light Blue,LOW-627-P,299.00,10/12/2024,0
7849597861962,Low key Shorts Off White,LOW-626-G,299.00,10/12/2024,0
7849597861962,Low key Shorts Off White,LOW-626-M,299.00,10/12/2024,0
7849597861962,Low key Shorts Off White,LOW-626-P,299.00,10/12/2024,0
7849597960266,Low key Soho Black,LOW-628-G,299.00,10/12/2024,0
7849597960266,Low key Soho Black,LOW-628-M,299.00,10/12/2024,0
7849597960266,Low key Soho Black,LOW-628-P,299.00,10/12/2024,0
7849598156874,Low key Soho Light Blue,LOW-630-G,299.00,10/12/2024,0
7849598156874,Low key Soho Light Blue,LOW-630-M,299.00,10/12/2024,0
7849598156874,Low key Soho Light Blue,LOW-630-P,299.00,10/12/2024,0
7849598025802,Low key Soho Off White,LOW-629-G,299.00,10/12/2024,0
7849598025802,Low key Soho Off White,LOW-629-M,299.00,10/12/2024,0
7849598025802,Low key Soho Off White,LOW-629-P,299.00,10/12/2024,0
7849598255178,Low key Tennis Dress Black,LOW-631-G,299.00,10/12/2024,0
7849598255178,Low key Tennis Dress Black,LOW-631-M,299.00,10/12/2024,0
7849598255178,Low key Tennis Dress Black,LOW-631-P,299.00,10/12/2024,0
7849598287946,Low key Tennis Dress Off White,LOW-632-G,299.00,10/12/2024,0
7849598287946,Low key Tennis Dress Off White,LOW-632-M,299.00,10/12/2024,0
7849598287946,Low key Tennis Dress Off White,LOW-632-P,299.00,10/12/2024,0
7849597173834,Skirt Pliesse Black,SKI-618-G,299.00,10/12/2024,0
7849597173834,Skirt Pliesse Black,SKI-618-M,299.00,10/12/2024,0
7849597173834,Skirt Pliesse Black,SKI-618-P,299.00,10/12/2024,0
7849597403210,Skirt Pliesse Light Blue,SKI-620-G,299.00,10/12/2024,0
7849597403210,Skirt Pliesse Light Blue,SKI-620-M,299.00,10/12/2024,0
7849597403210,Skirt Pliesse Light Blue,SKI-620-P,299.00,10/12/2024,0
7849597304906,Skirt Pliesse Off White,SKI-619-G,299.00,10/12/2024,0
7849597304906,Skirt Pliesse Off White,SKI-619-M,299.00,10/12/2024,0
7849597304906,Skirt Pliesse Off White,SKI-619-P,299.00,10/12/2024,0
7849596846154,Tank Top All Day Black,TAN-612-G,239.00,10/12/2024,0
7849596846154,Tank Top All Day Black,TAN-612-M,239.00,10/12/2024,0
7849596846154,Tank Top All Day Black,TAN-612-P,239.00,10/12/2024,0
7849596911690,Tank Top All Day Dark Brown,TAN-614-G,239.00,10/12/2024,0
7849596911690,Tank Top All Day Dark Brown,TAN-614-M,239.00,10/12/2024,0
7849596911690,Tank Top All Day Dark Brown,TAN-614-P,239.00,10/12/2024,0
7849597009994,Tank Top All Day Jambo,TAN-616-G,239.00,10/12/2024,0
7849597009994,Tank Top All Day Jambo,TAN-616-M,239.00,10/12/2024,0
7849597009994,Tank Top All Day Jambo,TAN-616-P,239.00,10/12/2024,0
7849596977226,Tank Top All Day Light Blue,TAN-615-G,239.00,10/12/2024,0
7849596977226,Tank Top All Day Light Blue,TAN-615-M,239.00,10/12/2024,0
7849596977226,Tank Top All Day Light Blue,TAN-615-P,239.00,10/12/2024,0
7849597042762,Tank Top All Day Navy Blue,TAN-617-G,239.00,10/12/2024,0
7849597042762,Tank Top All Day Navy Blue,TAN-617-M,239.00,10/12/2024,0
7849597042762,Tank Top All Day Navy Blue,TAN-617-P,239.00,10/12/2024,0
7849596878922,Tank Top All Day Off White,TAN-613-G,239.00,10/12/2024,0
7849596878922,Tank Top All Day Off White,TAN-613-M,239.00,10/12/2024,0
7849596878922,Tank Top All Day Off White,TAN-613-P,239.00,10/12/2024,0
